442,airport,airport,POM,AYPY,Port Moresby Jacksons International Airport,PG-NCD,2,9022,146,PG,Port Moresby,-9.44338035583496,147.220001220703,,
217,airport,airport,KEF,BIKF,"Reykjavik, Keflavik International Airport",IS-2,2,10056,171,IS,Reykjavik,63.9850006103516,-22.6056003570557,,
471,airport,airport,PRN,BKPR,Priština International Airport,KS-U-A,1,8165,1789,KS,Prishtina,42.5727996826172,21.0358009338379,,
86,airport,airport,YEG,CYEG,Edmonton International Airport,CA-AB,2,11000,2373,CA,Edmonton,53.3097000122,-113.580001831,,
163,airport,airport,YHZ,CYHZ,Halifax / Stanfield International Airport,CA-NS,2,10500,477,CA,Halifax,44.8807983398,-63.5085983276,,
78,airport,airport,YOW,CYOW,Ottawa Macdonald-Cartier International Airport,CA-ON,3,10000,374,CA,Ottawa,45.3224983215,-75.6691970825,,
85,airport,airport,YUL,CYUL,Montreal / Pierre Elliott Trudeau International Airport,CA-QC,3,11000,118,CA,Montreal,45.4706001282,-73.7407989502,,
48,airport,airport,YVR,CYVR,Vancouver International Airport,CA-BC,3,11500,14,CA,Vancouver,49.193901062,-123.183998108,,
166,airport,airport,YWG,CYWG,Winnipeg / James Armstrong Richardson International Airport,CA-MB,3,11000,783,CA,Winnipeg,49.9099998474,-97.2398986816,,
99,airport,airport,YYC,CYYC,Calgary International Airport,CA-AB,3,12675,3557,CA,Calgary,51.113899231,-114.019996643,,
863,airport,airport,YYJ,CYYJ,Victoria International Airport,CA-BC,3,7000,63,CA,Victoria,48.646900177,-123.426002502,,
123,airport,airport,YYT,CYYT,St. John's International Airport,CA-NL,3,8502,461,CA,St. John's,47.618598938,-52.7518997192,,
47,airport,airport,YYZ,CYYZ,Toronto Pearson International Airport,CA-ON,5,11120,569,CA,Toronto,43.6772003174,-79.6305999756,,
303,airport,airport,ALG,DAAG,"Algiers, Houari Boumediene Airport",DZ-35,2,11483,82,DZ,Algiers,36.6910018920898,3.21540999412537,,
832,airport,airport,OUA,DFFD,Ouagadougou Airport,BF-KAD,2,9934,1037,BF,Ouagadougou,12.3531999588013,-1.51242005825043,,
1672,airport,airport,OZZ,GMMZ,Ouarzazate Airport,MA-OUA,1,9842,3782,MA,Ouarzazate,30.9391002655,-6.90943002701,,
323,airport,airport,ACC,DGAA,Kotoka International Airport,GH-AA,1,11165,205,GH,Accra,5.60518980026245,-0.166786000132561,,
334,airport,airport,ABV,DNAA,Nnamdi Azikiwe International Airport,NG-FC,1,11842,1123,NG,Abuja,9.00679016113281,7.26316976547241,,
1910,airport,airport,QUO,DNAI,Akwa Ibom International Airport,NG-AK,1,11811,170,NG,Uyo,4.8725,8.093,,
1164,airport,airport,KDH,OAKN,Kandahar Airport,AF-KAN,1,10532,3337,AF,Kandahar,31.5058002471924,65.8478012084961,,
1920,airport,airport,KAN,DNKN,Mallam Aminu International Airport,NG-KN,2,10831,1562,NG,Kano,12.0475997924805,8.52462005615234,,
224,airport,airport,LOS,DNMM,"Lagos,Murtala Muhammed International Airport",NG-LA,1,11153,135,NG,Lagos,6.57737016677856,3.32116007804871,,
834,airport,airport,NIM,DRRN,Diori Hamani International Airport,NE-8,3,9843,732,NE,Niamey,13.481499671936,2.18360996246338,,
204,airport,airport,TUN,DTTA,Tunis Carthage International Airport,TN-11,2,10499,22,TN,Tunis,36.851001739502,10.2271995544434,,
79,airport,airport,BRU,EBBR,Brussels Airport,BE-BRU,3,11936,184,BE,Brussels,50.9014015198,4.48443984985,,
784,airport,airport,CRL,EBCI,Brussels South Charleroi Airport,BE-WHT,1,8366,614,BE,Brussels,50.4592018127,4.45382022858,,
1729,airport,airport,LGG,EBLG,Liège Airport,BE-WLG,2,10784,659,BE,Liège,50.6374015808105,5.4432201385498,,
473,airport,airport,SXF,EDDB,Berlin-Schönefeld International Airport,DE-BR,2,9843,157,DE,Berlin,52.3800010681152,13.522500038147,,
464,airport,airport,DRS,EDDC,Dresden Airport,DE-SN,1,8228,755,DE,Dresden,51.1328010559082,13.7672004699707,,
52,airport,airport,FRA,EDDF,Frankfurt am Main,DE-HE,4,13123,364,DE,Frankfurt,50.0264015198,8.54312992096,,
798,airport,airport,FMO,EDDG,Münster Osnabrück Airport,DE-NW,1,7119,160,DE,Münster,52.134601593,7.68483018875,,
167,airport,airport,HAM,EDDH,Hamburg Airport,DE-HH,2,12028,53,DE,Hamburg,53.6304016113281,9.98822975158691,,
87,airport,airport,CGN,EDDK,Cologne Bonn Airport,DE-NW,3,12516,302,DE,Cologne,50.8658981323,7.1427397728,,
198,airport,airport,DUS,EDDL,Dusseldorf International Airport,DE-NW,2,9842,147,DE,Dusseldorf,51.2895011901855,6.76677989959717,,
80,airport,airport,MUC,EDDM,Munich International Airport,DE-BY,2,13123,1487,DE,Munich,48.3538017272949,11.7861003875732,,
532,airport,airport,NUE,EDDN,Nuremberg Airport,DE-BY,1,8858,1046,DE,Nuremberg,49.4986991882,11.0669002533,,
533,airport,airport,LEJ,EDDP,Leipzig Halle Airport,DE-SN,2,11811,465,DE,Leipzig,51.4323997497559,12.2416000366211,,
168,airport,airport,STR,EDDS,Stuttgart Airport,DE-BW,1,10974,1276,DE,Stuttgart,48.6898994446,9.22196006775,,
200,airport,airport,TXL,EDDT,"Berlin, Tegel International Airport",DE-BE,2,9918,122,DE,Berlin,52.5597000122,13.2876996994,,
326,airport,airport,HAJ,EDDV,Hannover Airport,DE-NI,3,12467,183,DE,Hannover,52.461101532,9.68507957458,,
469,airport,airport,BRE,EDDW,Bremen Airport,DE-HB,2,6693,14,DE,Bremen,53.0475006104,8.78666973114,,
524,airport,airport,DTM,EDLW,Dortmund Airport,DE-NW,1,6562,425,DE,Dortmund,51.5182991028,7.61223983765,,
1419,airport,airport,FKB,EDSB,Karlsruhe Baden-Baden Airport,DE-BW,1,9787,408,DE,Baden-Baden,48.7793998718,8.08049964905,,
302,airport,airport,TLL,EETN,Tallinn Airport,EE-37,1,10072,131,EE,Tallinn,59.4132995605,24.8327999115,,
53,airport,airport,HEL,EFHK,Helsinki Ventaa,FI-18,3,11286,179,FI,Helsinki,60.3171997070312,24.9633007049561,,
475,airport,airport,BFS,EGAA,Belfast International Airport,GB-NIR,2,9121,268,UK,Belfast,54.6575012207,-6.21582984924,,
324,airport,airport,BHD,EGAC,George Best Belfast City Airport,GB-NIR,1,6001,15,UK,Belfast,54.6180992126465,-5.87249994277954,,
451,airport,airport,BHX,EGBB,Birmingham International Airport,GB-ENG,1,8527,327,UK,Birmingham,52.4538993835,-1.74802994728,,
84,airport,airport,MAN,EGCC,Manchester Airport,GB-ENG,2,10000,257,UK,Manchester,53.3536987304688,-2.27495002746582,,
2638,airport,airport,SCO,UATE,Aktau Airport,KZ-MAN,2,9630,73,KZ,Aktau,43.8600997924805,51.0919990539551,,
1735,airport,airport,DSA,EGCN,Robin Hood Doncaster Sheffield Airport,GB-ENG,1,9491,55,UK,Doncaster,53.4805378105,-1.01065635681,,
534,airport,airport,CWL,EGFF,Cardiff International Airport,GB-WLS,1,7848,220,UK,Cardiff,51.3967018127441,-3.34332990646362,,
260,airport,airport,BRS,EGGD,Bristol International Airport,GB-ENG,1,6598,622,UK,Bristol,51.3827018737793,-2.7190899848938,,
98,airport,airport,LPL,EGGP,Liverpool John Lennon Airport,GB-ENG,1,7500,80,UK,Liverpool,53.3335990905762,-2.8497200012207,,
206,airport,airport,LTN,EGGW,London Luton Airport,GB-ENG,1,7086,526,UK,London,51.874698638916,-0.368333011865616,,
1266,airport,airport,BOH,EGHH,Bournemouth Airport,GB-ENG,1,7451,38,UK,Bournemouth,50.7799987792969,-1.84249997138977,,
2450,airport,airport,TAG,RPVT,Tagbilaran Airport,PH-BOH,1,5837,38,PH,Tagbilaran City,9.6640796661377,123.852996826172,,
229,airport,airport,SOU,EGHI,Southampton Airport,GB-ENG,1,5653,44,UK,Southampton,50.9502983093262,-1.35679996013641,,
50,airport,airport,LGW,EGKK,London Gatwick,GB-ENG,2,10364,202,UK,London,51.1481018066406,-0.190277993679047,,
49,airport,airport,LHR,EGLL,London Heathrow,GB-ENG,2,12799,83,UK,London,51.4706001282,-0.461941003799,,
253,airport,airport,LBA,EGNM,Leeds Bradford Airport,GB-ENG,1,7382,681,UK,Leeds,53.8658981323242,-1.66057002544403,,
261,airport,airport,NCL,EGNT,Newcastle Airport,GB-ENG,1,7642,266,UK,Newcastle,55.0374984741211,-1.69166994094849,,
95,airport,airport,EMA,EGNX,East Midlands Airport,GB-ENG,1,9491,306,UK,Nottingham,52.8311004639,-1.32806003094,,
254,airport,airport,ABZ,EGPD,Aberdeen Dyce Airport,GB-SCT,4,6001,215,UK,Aberdeen,57.2019004821777,-2.19777989387512,,
97,airport,airport,GLA,EGPF,Glasgow International Airport,GB-SCT,2,8720,26,UK,Glasgow,55.8718986511,-4.43306016922,,
96,airport,airport,EDI,EGPH,Edinburgh Airport,GB-SCT,3,8400,135,UK,Edinburgh,55.9500007629395,-3.37249994277954,,
538,airport,airport,NWI,EGSH,Norwich International Airport,GB-ENG,2,6040,117,UK,Norwich,52.6758003235,1.28278005123,,
94,airport,airport,STN,EGSS,London Stansted Airport,GB-ENG,1,10003,348,UK,London,51.8849983215,0.234999999404,,
539,airport,airport,EXT,EGTE,Exeter International Airport,GB-ENG,2,6834,102,UK,Exeter,50.7344017028809,-3.41388988494873,,
3334,airport,airport,BZZ,EGVN,RAF Brize Norton,GB-ENG,1,10007,288,UK,Oxford/Brize Norton,51.749964,-1.58361995220184,,
70,airport,airport,AMS,EHAM,Amsterdam Airport Schiphol,NL-NH,6,12467,-11,NL,Amsterdam,52.3086013794,4.76388978958,,
274,airport,airport,EIN,EHEH,Eindhoven Airport,NL-NB,1,9843,74,NL,Eindhoven,51.4500999451,5.37452983856,,
311,airport,airport,ORK,EICK,Cork Airport,IE-C,2,6998,502,IE,Cork,51.8413009643555,-8.49110984802246,,
60,airport,airport,DUB,EIDW,Dublin International Airport,IE-D,2,8652,242,IE,Dublin,53.4212989807129,-6.27007007598877,,
91,airport,airport,SNN,EINN,Shannon Airport,IE-CE,5,10495,46,IE,Shannon,52.7019996643066,-8.92481994628906,,
459,airport,airport,BLL,EKBI,Billund Airport,DK-83,1,10172,247,DK,Billund,55.7402992249,9.15178012848,,
177,airport,airport,CPH,EKCH,Copenhagen Kastrup Airport,DK-84,3,11811,17,DK,Copenhagen,55.6179008483887,12.6560001373291,,
478,airport,airport,AAL,EKYT,Aalborg Airport,DK-81,2,8707,10,DK,Aalborg,57.0927589138,9.84924316406,,
179,airport,airport,LUX,ELLX,Luxembourg-Findel International Airport,LU-L,1,13123,1234,LU,Luxembourg,49.6265983581543,6.21152019500732,,
1401,airport,airport,BOO,ENBO,Bodø Airport,NO-18,1,11136,42,NO,Bodø,67.2692031860352,14.3653001785278,,
287,airport,airport,BGO,ENBR,Bergen Airport Flesland,NO-12,1,9810,170,NO,Bergen,60.293399810791,5.21814012527466,,
92,airport,airport,OSL,ENGM,Oslo Gardermoen Airport,NO-02,2,11811,681,NO,Oslo,60.1939010620117,11.1003999710083,,
480,airport,airport,TOS,ENTC,Tromsø Airport,NO-19,1,7848,31,NO,Tromsø,69.6832962036133,18.9188995361328,,
455,airport,airport,TRD,ENVA,"Trondheim Airport, Værnes",NO-17,3,9052,56,NO,Trondheim,63.4578018188477,10.923999786377,,
284,airport,airport,SVG,ENZV,Stavanger Airport,NO-11,2,9369,29,NO,Stavanger,58.8767013549805,5.63778018951416,,
541,airport,airport,GDN,EPGD,Gdańsk Lech Wałęsa Airport,PL-PM,1,9186,489,PL,Gdańsk,54.3776016235352,18.4661998748779,,
482,airport,airport,KRK,EPKK,John Paul II International Airport Kraków-Balice Airport,PL-MA,1,8366,791,PL,Kraków,50.0777015686035,19.7847995758057,,
636,airport,airport,KTW,EPKT,Katowice International Airport,PL-SL,1,9183,995,PL,Katowice,50.4743003845,19.0799999237,,
787,airport,airport,WMI,EPMO,Modlin Airport,PL-MZ,1,8202,341,PL,Warsaw,52.4510993958,20.6518001556,,
801,airport,airport,POZ,EPPO,Poznań-Ławica Airport,PL-WP,2,8215,308,PL,Poznań,52.4210014343,16.8262996674,,
140,airport,airport,WAW,EPWA,Warsaw Chopin Airport,PL-MZ,2,12106,362,PL,Warsaw,52.1656990051,20.9671001434,,
313,airport,airport,WRO,EPWR,Copernicus Wroclaw Airport,PL-DS,1,8202,404,PL,Wroclaw,51.1026992798,16.885799408,,
89,airport,airport,GOT,ESGG,Gothenburg-Landvetter Airport,SE-Q,1,10823,506,SE,Gothenburg,57.6627998352051,12.2798004150391,,
1421,airport,airport,MMX,ESMS,Malmö Sturup Airport,SE-M,2,9186,236,SE,Malmö,55.536305364,13.3761978149,,
1657,airport,airport,LLA,ESPA,Luleå Airport,SE-BD,1,10990,65,SE,Luleå,65.5438003540039,22.1219997406006,,
93,airport,airport,ARN,ESSA,Stockholm-Arlanda Airport,SE-AB,3,10830,137,SE,Stockholm,59.6519012451172,17.9186000823975,,
248,airport,airport,RIX,EVRA,Riga International Airport,LV-RIX,1,10499,36,LV,Riga,56.9235992431641,23.9710998535156,,
653,airport,airport,VNO,EYVI,Vilnius International Airport,LT-VL,1,8251,646,LT,Vilnius,54.6341018676758,25.2858009338379,,
125,airport,airport,CPT,FACT,Cape Town International Airport,ZA-WC,2,10502,151,ZA,Cape Town,-33.9648017883,18.6016998291,,
1691,airport,airport,GRJ,FAGG,George Airport,ZA-WC,1,6562,648,ZA,George,-34.0055999756,22.378900528,,
127,airport,airport,DUR,FALE,"Durban, King Shaka International Airport",ZA-NL,1,12139,295,ZA,Durban,-29.6144444444,31.1197222222,,
895,airport,airport,DGO,MMDO,General Guadalupe Victoria International Airport,MX-DUR,1,9514,6104,MX,Durango,24.1242008209,-104.527999878,,
126,airport,airport,JNB,FAJS,"Johannesburg, OR Tambo International Airport",ZA-GT,2,14495,5558,ZA,Johannesburg,-26.1392002106,28.2460002899,,
1708,airport,airport,GBE,FBSK,Sir Seretse Khama International Airport,BW-SE,1,9843,3299,BW,Gaborone,-24.5552005767822,25.9181995391846,,
354,airport,airport,MRU,FIMP,Sir Seewoosagur Ramgoolam International Airport,MU-GP,1,11056,186,MU,Port Louis,-20.4302005767822,57.6836013793945,,
814,airport,airport,LUN,FLLS,Lusaka International Airport,ZM-09,2,12998,3779,ZM,Lusaka,-15.3308000565,28.4526004791,,
843,airport,airport,TNR,FMMI,Ivato Airport,MG-T,1,10171,4198,MG,Antananarivo,-18.7968997955,47.4788017273,,
345,airport,airport,LAD,FNLU,Quatro de Fevereiro Airport,AO-LUA,2,12190,243,AO,Luanda,-8.85836982727,13.2312002182,,
1714,airport,airport,MPM,FQMA,Maputo Airport,MZ-MPM,2,12008,145,MZ,Maputo,-25.9207992553711,32.5726013183594,,
1799,airport,airport,MAG,AYMD,Madang Airport,PG-MPM,1,5174,20,PG,Madang,-5.20707988739,145.789001465,,
355,airport,airport,SEZ,FSIA,Seychelles International Airport,SC-20,1,9800,10,SC,Mahe Island,-4.67433977127075,55.521800994873,,
845,airport,airport,NDJ,FTTJ,N'Djamena International Airport,TD-CB,1,9186,968,TD,N'Djamena,12.1337003707886,15.0340003967285,,
226,airport,airport,HRE,FVHA,Harare International Airport,ZW-HA,1,15502,4887,ZW,Harare,-17.9318008422852,31.0928001403809,,
802,airport,airport,WDH,FYWH,Hosea Kutako International Airport,NA-KH,2,15010,5640,NA,Windhoek,-22.4799003601074,17.4708995819092,,
846,airport,airport,FIH,FZAA,Ndjili International Airport,CD-KN,1,15420,1027,CD,Kinshasa,-4.38574981689,15.4446001053,,
847,airport,airport,BKO,GABS,Senou Airport,ML-2,1,8879,1247,ML,Senou,12.5334997177124,-7.94994020462036,,
544,airport,airport,SPC,GCLA,La Palma Airport,ES-CN,1,7218,107,ES,"Sta Cruz de la Palma, La Palma Island",28.6264991760254,-17.7555999755859,,
228,airport,airport,LPA,GCLP,Gran Canaria Airport,ES-CN,2,10171,78,ES,Gran Canaria,27.9319000244141,-15.3865995407104,,
486,airport,airport,TFS,GCTS,Tenerife South Airport,ES-CN,1,10499,209,ES,Tenerife Island,28.044500351,-16.5725002289,,
124,airport,airport,TFN,GCXO,Tenerife Norte Airport,ES-CN,1,11155,2076,ES,Tenerife,28.4827003479,-16.3414993286,,
339,airport,airport,FNA,GFLL,Lungi International Airport,SL-N,1,10498,84,SL,Freetown,8.61643981933594,-13.1955003738403,,
848,airport,airport,ROB,GLRB,Roberts International Airport,LR-MG,1,11000,31,LR,Monrovia,6.23378992080688,-10.3622999191284,,
332,airport,airport,CMN,GMMN,Mohammed V International Airport,MA-CAS,2,12205,656,MA,Casablanca,33.3675003051758,-7.58997011184692,,
3412,airport,airport,DSS,GOBD,Blaise Diagne International Airport,SN-TH,1,11483,290,SN,Dakar,14.670833,-17.072777,,
604,airport,airport,DKR,GOOY,Léopold Sédar Senghor International Airport,SN-DK,2,11450,85,SN,Dakar,14.7397003173828,-17.4902000427246,,
850,airport,airport,NKC,GQNN,Nouakchott International Airport,MR-NKC,1,9876,13,MR,Nouakchott,18.0981998443604,-15.9484996795654,,
489,airport,airport,SID,GVAC,Amílcar Cabral International Airport,CV-B,2,10735,177,CV,Espargos,16.7413997650146,-22.9493999481201,,
145,airport,airport,ADD,HAAB,Addis Ababa Bole International Airport,ET-AA,2,12467,7630,ET,Addis Ababa,8.97789001465,38.7993011475,,
815,airport,airport,HGA,HCMH,Egal International Airport,SO-WO,1,8000,4423,SO,Hargeisa,9.51817035675049,44.0887985229492,,
144,airport,airport,CAI,HECA,Cairo International Airport,EG-C,3,13124,382,EG,Cairo,30.1219005584717,31.4055995941162,,
491,airport,airport,HRG,HEGN,Hurghada International Airport,EG-BA,1,13124,52,EG,Hurghada,27.1783008575439,33.7994003295898,,
247,airport,airport,LXR,HELX,Luxor International Airport,EG-KN,1,9843,294,EG,Luxor,25.670999527,32.7066001892,,
128,airport,airport,NBO,HKJK,"Nairobi, Jomo Kenyatta International Airport",KE-110,1,13507,5330,KE,Nairobi,-1.31923997402,36.9277992249,,
129,airport,airport,MBA,HKMO,Mombasa Moi International Airport,KE-300,2,10991,200,KE,Mombasa,-4.03483009338379,39.5942001342773,,
1793,airport,airport,GUR,AYGN,Gurney Airport,PG-MBA,1,5546,88,PG,Gurney,-10.3114995956,150.333999634,,
3130,airport,airport,LSA,AYKA,Losuia Airport,PG-MBA,1,5348,27,PG,Losuia,-8.50582027435303,151.080993652344,,
348,airport,airport,TIP,HLLT,Tripoli International Airport,LY-TB,2,11815,263,LY,Tripoli,32.6635017395,13.1590003967,,
547,airport,airport,KGL,HRYR,Kigali International Airport,RW-01,1,11483,4859,RW,Kigali,-1.96862995625,30.1394996643,,
820,airport,airport,JUB,HSSJ,Juba International Airport,SS-17,1,7874,1513,SS,Juba,4.87201023102,31.6011009216,,
821,airport,airport,KRT,HSSS,Khartoum International Airport,SD-03,1,9751,1265,SD,Khartoum,15.5895004272461,32.5531997680664,,
822,airport,airport,DAR,HTDA,Julius Nyerere International Airport,TZ-02,2,9843,182,TZ,Dar es Salaam,-6.87810993195,39.2025985718,,
1726,airport,airport,ZNZ,HTZA,Abeid Amani Karume International Airport,TZ-07,1,8077,54,TZ,Zanzibar,-6.22202014923,39.224899292,,
325,airport,airport,EBB,HUEN,Entebbe International Airport,UG-102,2,12000,3782,UG,Kampala,0.0423859991133213,32.4435005187988,,
188,airport,airport,ABQ,KABQ,Albuquerque International Sunport Airport,US-NM,4,13793,5355,US,Albuquerque,35.0401992797852,-106.609001159668,,
3313,airport,airport,AFW,KAFW,Fort Worth Alliance Airport,US-TX,2,9600,722,US,Fort Worth,32.9875984192,-97.3188018799,,
525,airport,airport,AGS,KAGS,Augusta Regional At Bush Field,US-GA,2,8001,144,US,Augusta,33.3698997497559,-81.9645004272461,,
368,airport,airport,AMA,KAMA,Rick Husband Amarillo International Airport,US-TX,2,13502,3607,US,Amarillo,35.2193984985352,-101.706001281738,,
2551,airport,airport,LET,SKLT,Alfredo Vásquez Cobo International Airport,CO-AMA,1,6168,277,CO,Leticia,-4.19355,-69.9432,,
3125,airport,airport,LCR,none,La Chorrera Airport,CO-AMA,1,4757,709,CO,La Chorrera,-0.733333,-73.01667,,
3128,airport,airport,LPD,SKLP,La Pedrera Airport,CO-AMA,1,5643,590,CO,La Pedrera,-1.32861,-69.5797,,
1,airport,airport,ATL,KATL,Hartsfield - Jackson Atlanta International Airport,US-GA,5,12390,1026,US,Atlanta,33.6366996765137,-84.4281005859375,,
591,airport,airport,BAQ,SKBQ,Ernesto Cortissoz International Airport,CO-ATL,1,9842,98,CO,Barranquilla,10.8896,-74.7808,,
3,airport,airport,AUS,KAUS,Austin Bergstrom International Airport,US-TX,2,12250,542,US,Austin,30.1944999694824,-97.6698989868164,,
441,airport,airport,AVL,KAVL,Asheville Regional Airport,US-NC,1,8001,2165,US,Asheville,35.4361991882324,-82.5418014526367,,
291,airport,airport,BDL,KBDL,Bradley International Airport,US-CT,3,9510,173,US,Hartford,41.9388999939,-72.6831970215,,
526,airport,airport,BGR,KBGR,Bangor International Airport,US-ME,1,11440,192,US,Bangor,44.8073997497559,-68.8281021118164,,
265,airport,airport,BHM,KBHM,Birmingham-Shuttlesworth International Airport,US-AL,2,10000,650,US,Birmingham,33.56290054,-86.75350189,,
292,airport,airport,BIL,KBIL,Billings Logan International Airport,US-MT,3,10518,3652,US,Billings,45.8077011108398,-108.542999267578,,
2073,airport,airport,BLV,KBLV,Scott AFB/Midamerica Airport,US-IL,2,10000,459,US,Belleville,38.54520035,-89.83519745,,
359,airport,airport,BMI,KBMI,Central Illinois Regional Airport at Bloomington-Normal,US-IL,3,8000,871,US,Bloomington/Normal,40.47710037,-88.91590118,,
4,airport,airport,BNA,KBNA,Nashville International Airport,US-TN,4,11030,599,US,Nashville,36.1245002746582,-86.6781997680664,,
271,airport,airport,BOI,KBOI,Boise Air Terminal/Gowen field,US-ID,3,10000,2871,US,Boise,43.56439972,-116.2229996,,
5,airport,airport,BOS,KBOS,Boston Logan,US-MA,6,10083,19,US,Boston,42.36429977,-71.00520325,,
269,airport,airport,BUF,KBUF,Buffalo Niagara International Airport,US-NY,2,8102,728,US,Buffalo,42.94049835,-78.73220062,,
6,airport,airport,BWI,KBWI,Baltimore/Washington International Airport,US-MD,3,10502,143,US,Baltimore,39.17539978,-76.66829681,,
373,airport,airport,CAE,KCAE,Columbia Metropolitan Airport,US-SC,2,8601,236,US,Columbia,33.9388008117676,-81.119499206543,,
374,airport,airport,CHA,KCHA,Lovell Field,US-TN,2,7400,683,US,Chattanooga,35.0353012084961,-85.2037963867188,,
375,airport,airport,CHS,KCHS,Charleston Air Force Base-International Airport,US-SC,2,9001,46,US,Charleston,32.89860153,-80.04049683,,
36,airport,airport,CID,KCID,The Eastern Iowa Airport,US-IA,2,8600,869,US,Cedar Rapids,41.8847007751465,-91.7108001708984,,
41,airport,airport,CLE,KCLE,"Cleveland, Hopkins International Airport",US-OH,3,9956,799,US,Cleveland,41.4117012024,-81.8498001099,,
178,airport,airport,CLT,KCLT,Charlotte Douglas International Airport,US-NC,4,10000,748,US,Charlotte,35.2140007019043,-80.9430999755859,,
281,airport,airport,CMH,KCMH,"Columbus, Port Columbus International Airport",US-OH,2,10125,815,US,Columbus,39.9980010986328,-82.8918991088867,,
263,airport,airport,COS,KCOS,City of Colorado Springs Municipal Airport,US-CO,3,13501,6187,US,Colorado Springs,38.8058013916016,-104.700996398926,,
314,airport,airport,CRP,KCRP,Corpus Christi International Airport,US-TX,2,7508,44,US,Corpus Christi,27.7703990936279,-97.5011978149414,,
378,airport,airport,CRW,KCRW,Yeager Airport,US-WV,2,6302,981,US,Charleston,38.3731002807617,-81.5932006835938,,
183,airport,airport,CVG,KCVG,Cincinnati Northern Kentucky International Airport,US-KY,4,12000,896,US,Cincinnati,39.0488014221,-84.6678009033,,
617,airport,airport,DAB,KDAB,Daytona Beach International Airport,US-FL,3,10500,34,US,Daytona Beach,29.1798992156982,-81.0580978393555,,
186,airport,airport,DAL,KDAL,Dallas Love Field,US-TX,3,8800,487,US,Dallas,32.8470993041992,-96.8517990112305,,
379,airport,airport,DAY,KDAY,James M Cox Dayton International Airport,US-OH,3,10900,1009,US,Dayton,39.902400970459,-84.2193984985352,,
959,airport,airport,DBQ,KDBQ,Dubuque Regional Airport,US-IA,2,6502,1077,US,Dubuque,42.40200043,-90.70950317,,
7,airport,airport,DCA,KDCA,Ronald Reagan Washington National Airport,US-DC,3,7169,14,US,Washington D.C.,38.8521003723145,-77.0376968383789,,
31,airport,airport,DEN,KDEN,Denver International Airport,US-CO,6,16000,5433,US,Denver,39.8616981506348,-104.672996520996,,
8,airport,airport,DFW,KDFW,Dallas/Fort Worth International Airport,US-TX,7,13401,607,US,Dallas,32.896800994873,-97.0380020141602,,
961,airport,airport,DLH,KDLH,Duluth International Airport,US-MN,2,10152,1428,US,Duluth,46.8420982361,-92.1936035156,,
362,airport,airport,DSM,KDSM,Des Moines International Airport,US-IA,2,9003,958,US,Des Moines,41.5340003967285,-93.6631011962891,,
46,airport,airport,DTW,KDTW,"Detroit Metropolitan, Wayne County",US-MI,6,12003,645,US,Detroit,42.2123985290527,-83.353401184082,,
1151,airport,airport,ERI,KERI,Erie International Tom Ridge Field,US-PA,2,8420,732,US,Erie,42.0831270134,-80.1738667488,,
35,airport,airport,EWR,KEWR,"Newark, Liberty",US-NY,3,11000,17,US,Newark,40.6925010681152,-74.168701171875,,
9,airport,airport,FLL,KFLL,Fort Lauderdale/Hollywood International Airport,US-FL,2,9000,64,US,Fort Lauderdale,26.0725994110107,-80.152702331543,,
386,airport,airport,FSM,KFSM,Fort Smith Regional Airport,US-AR,2,8000,469,US,Fort Smith,35.3366012573242,-94.3674011230469,,
387,airport,airport,FWA,KFWA,Fort Wayne International Airport,US-IN,3,12000,814,US,Fort Wayne,40.97850037,-85.19509888,,
886,airport,airport,GEG,KGEG,Spokane International Airport,US-WA,2,11002,2376,US,Spokane,47.6198997497559,-117.533996582031,,
392,airport,airport,GPT,KGPT,Gulfport Biloxi International Airport,US-MS,2,9002,28,US,Gulfport,30.4073009490967,-89.0700988769531,,
450,airport,airport,GRB,KGRB,Austin Straubel International Airport,US-WI,3,8201,695,US,Green Bay,44.4850997924805,-88.1296005249023,,
396,airport,airport,GSO,KGSO,Piedmont Triad International Airport,US-NC,3,10001,925,US,Greensboro,36.0978012084961,-79.9373016357422,,
397,airport,airport,GSP,KGSP,Greenville Spartanburg International Airport,US-SC,1,11000,964,US,Greenville,34.8956985474,-82.2189025879,,
1077,airport,airport,HIB,KHIB,Range Regional Airport,US-MN,2,6758,1354,US,Hibbing,47.38660049,-92.83899689,,
38,airport,airport,HOU,KHOU,Houston Hobby,US-TX,4,7602,46,US,Houston,29.64539909,-95.27890015,,
1905,airport,airport,BOY,DFOO,Bobo Dioulasso Airport,BF-HOU,1,10826,1511,BF,Bobo Dioulasso,11.1600999832153,-4.33096981048584,,
264,airport,airport,HSV,KHSV,Huntsville International Carl T Jones Field,US-AL,2,12600,629,US,Huntsville,34.6371994018555,-86.7751007080078,,
2085,airport,airport,HTS,KHTS,Tri-State/Milton J. Ferguson Field,US-WV,2,6509,828,US,Huntington,38.36669922,-82.55799866,,
10,airport,airport,IAD,KIAD,Washington Dulles International Airport,US-VA,4,11500,313,US,Washington D.C.,38.94449997,-77.45580292,,
11,airport,airport,IAH,KIAH,George Bush Intercontinental,US-TX,5,12001,96,US,Houston,29.9843997955322,-95.3414001464844,,
288,airport,airport,ICT,KICT,Wichita Mid Continent Airport,US-KS,3,10301,1333,US,Wichita,37.6498985290527,-97.4330978393555,,
184,airport,airport,IND,KIND,Indianapolis International Airport,US-IN,3,11200,797,US,Indianapolis,39.7173004150391,-86.2944030761719,,
398,airport,airport,JAN,KJAN,Jackson-Medgar Wiley Evers International Airport,US-MS,2,8500,346,US,Jackson,32.3111991882,-90.0758972168,,
239,airport,airport,JAX,KJAX,Jacksonville International Airport,US-FL,2,10000,30,US,Jacksonville,30.4941005706787,-81.6878967285156,,
12,airport,airport,JFK,KJFK,New York John F. Kennedy International Airport,US-NY,4,14511,12,US,New York,40.63980103,-73.77890015,,
399,airport,airport,JLN,KJLN,Joplin Regional Airport,US-MO,3,6502,981,US,Joplin,37.151798248291,-94.4982986450195,,
30,airport,airport,LAS,KLAS,Las Vegas Mc Carran,US-NV,4,14512,2181,US,Las Vegas,36.08010101,-115.1520004,,
13,airport,airport,LAX,KLAX,Los Angeles International Airport,US-CA,4,12091,127,US,Los Angeles,33.94250107,-118.4079971,,
273,airport,airport,LBB,KLBB,Lubbock Preston Smith International Airport,US-TX,3,11500,3282,US,Lubbock,33.6636009216309,-101.822998046875,,
2090,airport,airport,LCK,KLCK,Rickenbacker International Airport,US-OH,3,12102,744,US,Columbus,39.8138008118,-82.9278030396,,
305,airport,airport,LEX,KLEX,Blue Grass Airport,US-KY,1,7003,979,US,Lexington,38.0364990234375,-84.6059036254883,,
402,airport,airport,LFT,KLFT,Lafayette Regional Airport,US-LA,3,7651,42,US,Lafayette,30.20529938,-91.98760223,,
14,airport,airport,LGA,KLGA,New York La Guardia,US-NY,2,7003,20,US,New York,40.77719879,-73.87259674,,
227,airport,airport,LIT,KLIT,"Little Rock, Bill and Hillary Clinton National Airport/Adams Field",US-AR,3,8273,262,US,Little Rock,34.7294006348,-92.2242965698,,
1147,airport,airport,RDN,WMPR,LTS Pulau Redang Airport,MY-11,1,3084,36,MY,Redang,5.76527976989746,103.00700378418,,
623,airport,airport,MBS,KMBS,MBS International Airport,US-MI,2,8002,668,US,Saginaw,43.532901763916,-84.0795974731445,,
185,airport,airport,MCI,KMCI,Kansas City International Airport,US-MO,3,10801,1026,US,Kansas City,39.2975997924805,-94.7138977050781,,
15,airport,airport,MCO,KMCO,Orlando International Airport,US-FL,4,12005,96,US,Orlando,28.4293994903564,-81.3089981079102,,
190,airport,airport,MDW,KMDW,Chicago Midway International Airport,US-IL,5,6522,620,US,Chicago,41.7859992980957,-87.7524032592773,,
182,airport,airport,MEM,KMEM,Memphis International Airport,US-TN,4,11120,341,US,Memphis,35.0424003601074,-89.9766998291016,,
406,airport,airport,MGM,KMGM,Montgomery Regional (Dannelly Field) Airport,US-AL,2,9010,221,US,Montgomery,32.30059814,-86.39399719,,
437,airport,airport,MHT,KMHT,Manchester Airport,US-NH,2,9250,266,US,Manchester,42.9325981140137,-71.4356994628906,,
16,airport,airport,MIA,KMIA,Miami International Airport,US-FL,4,13016,8,US,Miami,25.7931995391846,-80.2906036376953,,
189,airport,airport,MKE,KMKE,General Mitchell International Airport,US-WI,5,9690,723,US,Milwaukee,42.9472007751465,-87.896598815918,,
408,airport,airport,MLI,KMLI,Quad City International Airport,US-IL,3,10002,590,US,Moline,41.4485015869141,-90.5074996948242,,
410,airport,airport,MLU,KMLU,Monroe Regional Airport,US-LA,3,7507,79,US,Monroe,32.5108985900879,-92.0376968383789,,
411,airport,airport,MOB,KMOB,Mobile Regional Airport,US-AL,2,8521,219,US,Mobile,30.6912002563477,-88.2427978515625,,
412,airport,airport,MSN,KMSN,Dane County Regional Truax Field,US-WI,3,9005,887,US,Madison,43.1399002075195,-89.3375015258789,,
17,airport,airport,MSP,KMSP,Minneapolis-St.Paul International Airport,US-MN,4,11006,841,US,Minneapolis,44.8819999695,-93.2218017578,,
34,airport,airport,MSY,KMSY,New Orleans L. Armstrong,US-LA,2,10104,3,US,New Orleans,29.9934005737305,-90.2580032348633,,
42,airport,airport,OAK,KOAK,Oakland,US-CA,4,10520,9,US,Oakland,37.7212982177734,-122.221000671387,,
150,airport,airport,OKC,KOKC,"Oaklahoma City, Will Rogers World Airport",US-OK,4,9800,1295,US,Oaklahoma City,35.3931007385254,-97.600700378418,,
193,airport,airport,OMA,KOMA,Eppley Airfield,US-NE,3,9502,984,US,Omaha,41.3031997680664,-95.8940963745117,,
151,airport,airport,ONT,KONT,Ontario International Airport,US-CA,2,12198,944,US,Ontario,34.0559997558594,-117.600997924805,,
18,airport,airport,ORD,KORD,Chicago O'Hare International Airport,US-IL,7,13000,672,US,Chicago,41.97859955,-87.90480042,,
238,airport,airport,ORF,KORF,Norfolk International Airport,US-VA,2,9001,26,US,Norfolk,36.8945999145508,-76.2012023925781,,
706,airport,airport,CRK,RPLC,Clark International Airport,PH-PAM,2,10499,484,PH,Angeles City,15.1859998703,120.559997559,,
2244,airport,airport,LOD,NVSG,Longana Airport,VU-PAM,1,2887,167,VU,Longana,-15.3066997528,167.966995239,,
2245,airport,airport,SSR,NVSH,Sara Airport,VU-PAM,1,1600,493,VU,Pentecost Island,-15.4708003998,168.151992798,,
2249,airport,airport,MWF,NVSN,Maewo-Naone Airport,VU-PAM,1,2789,509,VU,Maewo Island,-15,168.082992554,,
2250,airport,airport,LNE,NVSO,Lonorore Airport,VU-PAM,1,2175,43,VU,Lonorore,-15.8655996323,168.17199707,,
2255,airport,airport,WLH,NVSW,Walaha Airport,VU-PAM,1,2379,151,VU,Walaha,-15.4119997025,167.690994263,,
19,airport,airport,PBI,KPBI,Palm Beach International Airport,US-FL,3,10000,19,US,West Palm Beach,26.6832008361816,-80.0955963134766,,
149,airport,airport,PDX,KPDX,Portland International Airport,US-OR,3,11000,31,US,Portland,45.58869934,-122.5979996,,
628,airport,airport,PHF,KPHF,Newport News Williamsburg International Airport,US-VA,2,8003,42,US,Newport News,37.13190079,-76.49299622,,
45,airport,airport,PHL,KPHL,Philadelphia International Airport,US-PA,4,10506,36,US,Philadelphia,39.871898651123,-75.241096496582,,
20,airport,airport,PHX,KPHX,Phoenix Sky Harbor International Airport,US-AZ,3,11489,1135,US,Phoenix,33.4342994689941,-112.012001037598,,
301,airport,airport,PIA,KPIA,General Wayne A. Downing Peoria International Airport,US-IL,2,10104,660,US,Peoria,40.6641998291,-89.6932983398,,
3493,airport,airport,KHT,OAKS,Khost Airport,AF-PIA,1,8805,3844,AF,Khost,33.3334007263,69.952003479,,
147,airport,airport,PIT,KPIT,Pittsburgh International Airport,US-PA,4,11500,1203,US,Pittsburgh,40.49150085,-80.23290253,,
240,airport,airport,PVD,KPVD,"Providence, Theodore Francis Green State Airport",US-RI,2,7166,55,US,Providence,41.7326011657715,-71.4204025268555,,
148,airport,airport,PWM,KPWM,Portland International Jetport Airport,US-ME,2,7200,76,US,Portland,43.64619827,-70.30930328,,
21,airport,airport,RDU,KRDU,Raleigh-Durham,US-NC,3,10000,435,US,Raleigh,35.8776016235352,-78.7874984741211,,
1071,airport,airport,RFD,KRFD,Chicago Rockford International Airport,US-IL,2,10004,742,US,Chicago/Rockford,42.1954002380371,-89.0971984863281,,
296,airport,airport,RIC,KRIC,Richmond International Airport,US-VA,3,9003,167,US,Richmond,37.505199432373,-77.3197021484375,,
280,airport,airport,RNO,KRNO,Reno Taoe International Airport,US-NV,3,11002,4415,US,Reno,39.4990997314453,-119.767997741699,,
448,airport,airport,ROA,KROA,Roanoke–Blacksburg Regional Airport,US-VA,2,6800,1175,US,Roanoke,37.3255004883,-79.975402832,,
152,airport,airport,ROC,KROC,Greater Rochester International Airport,US-NY,3,8001,559,US,Rochester,43.1189002990723,-77.6724014282227,,
153,airport,airport,RST,KRST,Rochester International Airport,US-MN,2,9033,1317,US,Rochester,43.9082984924316,-92.5,,
83,airport,airport,RSW,KRSW,Southwest Florida International Airport,US-FL,1,12000,30,US,Fort Myers,26.5361995697021,-81.7552032470703,,
26,airport,airport,SAN,KSAN,San Diego Lindbergh,US-CA,1,9400,16,US,San Diego,32.7336006165,-117.190002441,,
1808,airport,airport,VAI,AYVN,Vanimo Airport,PG-SAN,1,5775,10,PG,Vanimo,-2.69717001914978,141.302001953125,,
2540,airport,airport,BGA,SKBG,Palonegro Airport,CO-SAN,1,7381,3897,CO,Bucaramanga,7.1265,-73.1848,,
2545,airport,airport,EJA,SKEJ,Yariguíes Airport,CO-SAN,1,5905,412,CO,Barrancabermeja,7.02433,-73.8068,,
33,airport,airport,SAT,KSAT,San Antonio,US-TX,3,8505,809,US,San Antonio,29.5337009429932,-98.4698028564453,,
421,airport,airport,SAV,KSAV,Savannah Hilton Head International Airport,US-GA,2,9351,50,US,Savannah,32.12760162,-81.20210266,,
630,airport,airport,SBN,KSBN,South Bend Regional Airport,US-IN,3,8412,799,US,South Bend,41.7086982727051,-86.3172988891602,,
268,airport,airport,SDF,KSDF,Louisville International Standiford Field,US-KY,3,10850,501,US,Louisville,38.1744003295898,-85.7360000610352,,
22,airport,airport,SEA,KSEA,Seattle-Tacoma,US-WA,3,11901,432,US,Seattle,47.4490013122559,-122.30899810791,,
549,airport,airport,SFB,KSFB,Orlando Sanford International Airport,US-FL,4,9600,55,US,Orlando,28.7775993347168,-81.2375030517578,,
23,airport,airport,SFO,KSFO,San Francisco International Airport,US-CA,4,11870,13,US,San Francisco,37.6189994812012,-122.375,,
295,airport,airport,SGF,KSGF,Springfield Branson National Airport,US-MO,2,8000,1268,US,Springfield,37.24570084,-93.38860321,,
24,airport,airport,SJC,KSJC,Norman Y. Mineta San Jose International Airport,US-CA,3,11000,62,US,San Jose,37.3625984191895,-121.929000854492,,
29,airport,airport,SLC,KSLC,Salt Lake City,US-UT,4,12002,56,US,Salt Lake City,40.7883987426758,-111.977996826172,,
244,airport,airport,SMF,KSMF,Sacramento International Airport,US-CA,2,8601,27,US,Sacramento,38.6954002380371,-121.591003417969,,
28,airport,airport,SNA,KSNA,"Orange County/Santa Ana, John Wayne",US-CA,2,5701,56,US,Santa Ana,33.67570114,-117.8679962,,
425,airport,airport,SPI,KSPI,Abraham Lincoln Capital Airport,US-IL,3,7999,598,US,Springfield,39.84410095,-89.67790222,,
426,airport,airport,SPS,KSPS,Sheppard Air Force Base-Wichita Falls Municipal Airport,US-TX,4,13101,1019,US,Wichita Falls,33.98880005,-98.49189758,,
445,airport,airport,SRQ,KSRQ,Sarasota Bradenton International Airport,US-FL,2,9500,30,US,Sarasota/Bradenton,27.3953990936279,-82.5543975830078,,
187,airport,airport,STL,KSTL,Lambert St Louis International Airport,US-MO,4,11019,618,US,St Louis,38.7486991882324,-90.370002746582,,
1460,airport,airport,IVC,NZNV,Invercargill Airport,NZ-STL,4,7251,5,NZ,Invercargill,-46.4123992919922,168.313003540039,,
651,airport,airport,SUX,KSUX,Sioux Gateway Col. Bud Day Field,US-IA,2,9002,1098,US,Sioux City,42.40259933,-96.38439941,,
438,airport,airport,SYR,KSYR,Syracuse Hancock International Airport,US-NY,3,9003,421,US,Syracuse,43.111198425293,-76.1063003540039,,
138,airport,airport,TLH,KTLH,Tallahassee Regional Airport,US-FL,2,8000,81,US,Tallahassee,30.3964996337891,-84.3503036499023,,
968,airport,airport,TOL,KTOL,Toledo Express Airport,US-OH,2,10600,683,US,Toledo,41.58679962,-83.80780029,,
2548,airport,airport,IBE,SKIB,Perales Airport,CO-TOL,1,5905,2999,CO,Ibagué,4.42161,-75.1333,,
3188,airport,airport,PND,none,Punta Gorda Airport,BZ-TOL,1,2297,7,BZ,Punta Gorda,16.102399826,-88.8082962036,,
25,airport,airport,TPA,KTPA,Tampa International Airport,US-FL,3,11002,26,US,Tampa,27.9755001068115,-82.533203125,,
631,airport,airport,TRI,KTRI,Tri Cities Regional Tn Va Airport,US-TN,2,8030,1519,US,Bristol/Johnson/Kingsport,36.4752006530762,-82.4074020385742,,
194,airport,airport,TUL,KTUL,Tulsa International Airport,US-OK,3,9999,677,US,Tulsa,36.1983985900879,-95.8880996704102,,
43,airport,airport,TUS,KTUS,Tucson International Airport,US-AZ,3,10996,2643,US,Tucson,32.1161003112793,-110.94100189209,,
429,airport,airport,TYS,KTYS,McGhee Tyson Airport,US-TN,2,9005,981,US,Knoxville,35.81100082,-83.9940033,,
430,airport,airport,VPS,KVPS,Eglin Air Force Base,US-FL,2,12005,87,US,Valparaiso,30.4832000732422,-86.5253982543945,,
493,airport,airport,TIA,LATI,Tirana International Airport Mother Teresa,AL-TR,1,8971,126,AL,Tirana,41.4146995544,19.7206001282,,
658,airport,airport,BOJ,LBBG,Burgas Airport,BG-02,1,10499,135,BG,Burgas,42.5695991516113,27.5151996612549,,
142,airport,airport,SOF,LBSF,Sofia Airport,BG-23,1,9186,1742,BG,Sofia,42.6966934204102,23.4114360809326,,
726,airport,airport,VAR,LBWN,Varna Airport,BG-03,1,8202,230,BG,Varna,43.2321014404297,27.8250999450684,,
139,airport,airport,LCA,LCLK,Larnaca International Airport,CY-04,1,9776,8,CY,Larnaca,34.8750991821289,33.6249008178711,,
494,airport,airport,PFO,LCPH,Paphos International Airport,CY-06,1,8858,41,CY,Paphos,34.7179985046387,32.4856986999512,,
2639,airport,airport,AKX,UATT,Aktobe Airport,KZ-AKT,1,10160,738,KZ,Aktyuinsk,50.2458000183105,57.2066993713379,,
111,airport,airport,ZAG,LDZA,Zagreb Airport,HR-21,1,10669,353,HR,Zagreb,45.7429008484,16.0687999725,,
113,airport,airport,ALC,LEAL,Alicante International Airport,ES-V,1,9842,142,ES,Alicante,38.2821998596191,-0.55815601348877,,
73,airport,airport,BCN,LEBL,Barcelona International Airport,ES-CT,3,11654,12,ES,Barcelona,41.2971000671387,2.07845997810364,,
1456,airport,airport,TIJ,MMTJ,General Abelardo L. Rodríguez International Airport,MX-BCN,1,9711,489,MX,Tijuana,32.5410995483398,-116.970001220703,,
1547,airport,airport,MXL,MMML,General Rodolfo Sánchez Taboada International Airport,MX-BCN,1,8530,74,MX,Mexicali,32.6305999756,-115.241996765,,
3290,airport,airport,SFH,MMSF,San Felipe International Airport,MX-BCN,1,4921,148,MX,San Felipe,30.9302005767822,-114.80899810791,,
74,airport,airport,MAD,LEMD,Adolfo Suarez Barajas Airport International Airport,ES-M,3,13711,1998,ES,Madrid,40.4936,-3.56676,,
3428,airport,airport,MRQ,RPUW,Gasan Airport,PH-MAD,1,4785,32,PH,Marinduque,13.3610000610352,121.825996398926,,
251,airport,airport,AGP,LEMG,Malaga Airport,ES-AN,2,10500,53,ES,Malaga,36.6749000549316,-4.49911022186279,,
230,airport,airport,PMI,LEPA,Palma De Mallorca Airport,ES-PM,2,10728,27,ES,Palma De Mallorca,39.551700592,2.73881006241,,
497,airport,airport,SCQ,LEST,Santiago de Compostela Airport,ES-GA,1,10499,1213,ES,Santiago de Compostela,42.8963012695312,-8.41514015197754,,
499,airport,airport,BOD,LFBD,Bordeaux-Mérignac Airport,FR-B,2,10171,162,FR,Bordeaux/Mérignac,44.8283004761,-0.715556025505,,
344,airport,airport,TLS,LFBO,Toulouse-Blagnac Airport,FR-N,2,11483,499,FR,Toulouse/Blagnac,43.6291007995605,1.36381995677948,,
328,airport,airport,LYS,LFLL,Lyon Saint-Exupery Airport,FR-V,2,11483,821,FR,Lyon,45.726398468,5.09082984924,,
329,airport,airport,MRS,LFML,Marseille Provence Airport,FR-U,2,11483,74,FR,Marseille,43.439271922,5.22142410278,,
108,airport,airport,NCE,LFMN,Nice-Cote d'Azur Airport,FR-U,2,9712,12,FR,Nice,43.6584014893,7.21586990356,,
51,airport,airport,CDG,LFPG,Paris Charles de Gaulle,FR-J,4,13829,392,FR,Paris,49.0127983093,2.54999995232,,
107,airport,airport,ORY,LFPO,"Paris, Orly Airport",FR-J,3,11975,291,FR,Paris,48.7252998352,2.35944008827,,
276,airport,airport,BSL,LFSB,EuroAirport Basle-Mulhouse-Freiburg Airport (BSL/MLH/EAP),FR-A,2,12795,885,FR,Basle,47.5895996094,7.52991008759,,
110,airport,airport,ATH,LGAV,"Athens, Eleftherios Venizelos International Airport",GR-A1,2,13123,308,GR,Athens,37.9364013672,23.9444999695,,
504,airport,airport,HER,LGIR,Heraklion International Nikos Kazantzakis Airport,GR-91,3,8800,115,GR,Heraklion,35.3396987915,25.1802997589,,
1317,airport,airport,HEA,OAHR,Herat Airport,AF-HER,1,8218,3206,AF,Herat,34.2099990844727,62.2282981872559,,
510,airport,airport,SKG,LGTS,Thessaloniki Macedonia International Airport,GR-54,2,8005,22,GR,Thessaloniki,40.5196990966797,22.9708995819092,,
112,airport,airport,BUD,LHBP,Budapest Ferenc Liszt International Airport,HU-PE,2,12162,495,HU,Budapest,47.4369010925,19.2555999756,,
511,airport,airport,BRI,LIBD,Bari Karol Wojtyła Airport,IT-75,2,8005,177,IT,Bari,41.1389007568,16.7605991364,,
512,airport,airport,CTA,LICC,Catania-Fontanarossa Airport,IT-82,1,7989,39,IT,Catania,37.4668006897,15.0663995743,,
513,airport,airport,PMO,LICJ,Falcone–Borsellino Airport,IT-82,2,10912,65,IT,Palermo,38.1759986877,13.0909996033,,
1216,airport,airport,CAG,LIEE,Cagliari Elmas Airport,IT-88,1,9196,13,IT,Cagliari,39.251499176,9.05428028107,,
2437,airport,airport,BSO,RPUO,Basco Airport,PH-CAG,1,4101,291,PH,Basco,20.4512996674,121.980003357,,
2438,airport,airport,TUG,RPUT,Tuguegarao Airport,PH-CAG,1,6455,70,PH,Tuguegarao City,17.6433676823,121.733150482,,
109,airport,airport,MXP,LIMC,"Milan, Malpensa International Airport",IT-25,2,12861,768,IT,Milan,45.6305999756,8.72811031342,,
793,airport,airport,BGY,LIME,Il Caravaggio International Airport,IT-25,2,9636,782,IT,Bergamo,45.6739006042,9.70417022705,,
172,airport,airport,TRN,LIMF,Turin Airport,IT-21,1,10827,989,IT,Turin,45.2008018494,7.64963006973,,
169,airport,airport,GOA,LIMJ,Genoa Cristoforo Colombo Airport,IT-42,1,9564,13,IT,Genoa,44.4132995605,8.83749961853,,
327,airport,airport,LIN,LIML,Linate Airport,IT-25,2,8005,353,IT,Milan,45.445098877,9.27674007416,,
173,airport,airport,BLQ,LIPE,Bologna Guglielmo Marconi Airport,IT-45,1,9186,123,IT,Bologna,44.5354003906,11.2887001038,,
174,airport,airport,TSF,LIPH,"Venice, Treviso-Sant Angelo Airport",IT-34,1,7941,59,IT,Venice,45.648399353,12.1943998337,,
175,airport,airport,VRN,LIPX,Verona Villafranca Airport,IT-34,1,10064,239,IT,Verona,45.3956985474,10.8885002136,,
90,airport,airport,VCE,LIPZ,Venice Marco Polo Airport,IT-34,2,10827,7,IT,Venice,45.5052986145,12.3519001007,,
794,airport,airport,CIA,LIRA,Ciampino–G. B. Pastine International Airport,IT-62,1,7242,427,IT,Roma,41.7994003296,12.5949001312,,
68,airport,airport,FCO,LIRF,Leonardo da Vinci-Fiumicino International Airport,IT-62,3,12795,15,IT,Rome,41.8045005798,12.2508001328,,
170,airport,airport,NAP,LIRN,Naples International Airport,IT-72,1,8622,294,IT,Naples,40.8860015869,14.2908000946,,
171,airport,airport,PSA,LIRP,Pisa International Airport,IT-52,2,9820,6,IT,Pisa,43.6838989258,10.3927001953,,
555,airport,airport,LJU,LJLJ,Ljubljana Jože Pučnik Airport,SI-061,1,10827,1273,SI,Ljubljana,46.2237014770508,14.4575996398926,,
72,airport,airport,PRG,LKPR,"Prague, Ruzyne International Airport",CZ-PR,2,12189,1247,CZ,Prague,50.1007995605469,14.2600002288818,,
146,airport,airport,TLV,LLBG,"Tel Aviv, Ben Gurion International Airport",IL-M,3,13327,135,IL,Tel Aviv,32.0113983154297,34.8866996765137,,
3277,airport,airport,VDA,LLOV,Ovda International Airport,IL-D,2,9843,1492,IL,Eilat,29.940299987793,34.9357986450195,,
141,airport,airport,MLA,LMML,Malta International Airport,MT-25,2,11627,300,MT,Luqa,35.857498,14.4775,,
75,airport,airport,VIE,LOWW,Vienna International Airport,AT-9,2,11811,600,AT,Vienna,48.1102981567383,16.5697002410889,,
338,airport,airport,FAO,LPFR,Faro Airport,PT-08,1,8169,24,PT,Faro,37.0144004822,-7.96590995789,,
1764,airport,airport,TER,LPLA,Lajes Field,PT-20,1,10870,180,PT,Lajes,38.7617988586,-27.0907993317,,
515,airport,airport,PDL,LPPD,João Paulo II Airport,PT-20,1,8192,259,PT,Ponta Delgada,37.7411994934,-25.6979007721,,
347,airport,airport,OPO,LPPR,Francisco de Sa Carneiro Airport,PT-13,1,11417,228,PT,Porto,41.2481002808,-8.68138980865,,
202,airport,airport,LIS,LPPT,Lisbon Portela Airport,PT-11,1,12484,374,PT,Lisbon,38.7812995911,-9.13591957092,,
1224,airport,airport,SJJ,LQSA,Sarajevo International Airport,BA-BIH,1,8666,1708,BA,Sarajevo,43.8246002197266,18.3314990997314,,
330,airport,airport,OTP,LROP,Henri Coanda International Airport,RO-B,2,11484,314,RO,Bucharest,44.5722007751465,26.1021995544434,,
77,airport,airport,GVA,LSGG,Geneva-Cointrin International Airport,CH-GE,2,12795,1411,CH,Geneva,46.2380981445312,6.10895013809204,,
76,airport,airport,ZRH,LSZH,Zurich-Kloten Airport,CH-ZH,3,12139,1416,CH,Zurich,47.4646987915039,8.54916954040527,,
807,airport,airport,ESB,LTAC,Esenboğa International Airport,TR-06,2,12303,3125,TR,Ankara,40.1281013489,32.995098114,,
2138,airport,airport,ADA,LTAF,Adana Airport,TR-01,1,9022,65,TR,Adana,36.9822006226,35.2803993225,,
255,airport,airport,AYT,LTAI,Antalya International Airport,TR-07,3,11155,177,TR,Antalya,36.8987007141113,30.800500869751,,
2139,airport,airport,GZT,LTAJ,Gaziantep International Airport,TR-27,2,9843,2315,TR,Gaziantep,36.9472007751,37.4786987305,,
3433,airport,airport,ISL,LTBA,Ataturk International Airport,TR-34,3,9843,163,TR,Istanbul,40.9768981934,28.8145999908,,
516,airport,airport,ADB,LTBJ,Adnan Menderes International Airport,TR-35,2,10630,412,TR,İzmir,38.2924003601,27.156999588,,
517,airport,airport,DLM,LTBS,Dalaman International Airport,TR-48,1,9842,20,TR,Dalaman,36.7131004333,28.7924995422,,
2153,airport,airport,ERZ,LTCE,Erzurum International Airport,TR-25,3,12500,5763,TR,Erzurum,39.9565010071,41.1702003479,,
2155,airport,airport,TZX,LTCG,Trabzon International Airport,TR-61,1,8661,104,TR,Trabzon,40.9950981140137,39.7896995544434,,
2165,airport,airport,ISE,LTFC,Süleyman Demirel International Airport,TR-32,1,9843,2835,TR,Isparta,37.8554000854,30.3684005737,,
518,airport,airport,BJV,LTFE,Milas Bodrum International Airport,TR-48,1,9842,21,TR,Bodrum,37.2505989075,27.6643009186,,
519,airport,airport,SAW,LTFJ,Sabiha Gökçen International Airport,TR-34,1,9843,312,TR,Istanbul,40.898601532,29.3092002869,,
161,airport,airport,IST,LTFM,Istanbul International Airport,TR-34,4,13451,325,TR,Istanbul,41.275278,28.751944,,
824,airport,airport,SKP,LWSK,Skopje Alexander the Great Airport,MK-73,1,8038,781,MK,Skopje,41.9616012573242,21.6214008331299,,
143,airport,airport,BEG,LYBE,Belgrade Nikola Tesla Airport,RS-00,1,11155,335,RS,Belgrade,44.8184013367,20.3090991974,,
809,airport,airport,TGD,LYPG,Podgorica Airport,ME-16,2,8202,141,ME,Podgorica,42.3594017028809,19.2518997192383,,
826,airport,airport,BTS,LZIB,M. R. Štefánik Airport,SK-BL,2,10466,436,SK,Bratislava,48.1702003479004,17.2126998901367,,
241,airport,airport,PUJ,MDPC,Punta Cana International Airport,DO-11,1,10171,47,DO,Punta Cana,18.5673999786,-68.3634033203,,
573,airport,airport,SDQ,MDSD,Las Américas International Airport,DO-01,1,11000,59,DO,Santo Domingo,18.4297008514404,-69.6688995361328,,
306,airport,airport,GUA,MGGT,La Aurora Airport,GT-GU,1,9800,4952,GT,Guatemala City,14.5832996368408,-90.5274963378906,,
369,airport,airport,BJX,MMLO,Del Bajio International Airport,MX-GUA,1,11480,5956,MX,Silao,20.9934997559,-101.481002808,,
2558,airport,airport,PDA,SKPD,Obando Airport,CO-GUA,1,5910,460,CO,Puerto Inírida,3.85353,-67.9062,,
137,airport,airport,KIN,MKJP,"Kingston, Norman Manley International Airport",JM-01,1,8900,10,JM,Kingston,17.9356994628906,-76.7874984741211,,
1119,airport,airport,ACA,MMAA,General Juan N Alvarez International Airport,MX-GRO,2,10832,16,MX,Acapulco,16.7570991516113,-99.7539978027344,,
389,airport,airport,GDL,MMGL,Don Miguel Hidalgo Y Costilla International Airport,MX-JAL,2,13123,5016,MX,Guadalajara,20.5217990875244,-103.310997009277,,
896,airport,airport,HMO,MMHO,General Ignacio P. Garcia International Airport,MX-SON,2,7546,627,MX,Hermosillo,29.0958995819,-111.047996521,,
136,airport,airport,MEX,MMMX,"Mexico City, Licenciado Benito Juarez International Airport",MX-DIF,2,12966,7316,MX,Mexico City,19.43630027771,-99.0720977783203,,
1050,airport,airport,TLC,MMTO,Licenciado Adolfo Lopez Mateos International Airport,MX-MEX,1,13780,8466,MX,Toluca,19.3370990753,-99.5660018921,,
367,airport,airport,MTY,MMMY,General Mariano Escobedo International Airport,MX-NLE,1,5909,1278,MX,Monterrey,25.7784996033,-100.107002258,,
195,airport,airport,PVR,MMPR,"Puerto Vallarta, Licenciado Gustavo Diaz Ordaz International Airport",MX-JAL,1,10171,23,MX,Puerto Vallarta,20.6800994873047,-105.253997802734,,
422,airport,airport,SJD,MMSD,Los Cabos International Airport,MX-BCS,1,9843,374,MX,San José del Cabo,23.1518001556396,-109.721000671387,,
1456,airport,airport,TIJ,MMTJ,General Abelardo L. Rodríguez International Airport,MX-BCN,1,9711,489,MX,Tijuana,32.5410995483398,-116.970001220703,,
180,airport,airport,CUN,MMUN,Cancun International Airport,MX-ROO,2,11483,22,MX,Cancun,21.0365009308,-86.8770980835,,
360,airport,airport,BOG,SKBO,El Dorado International Airport,CO-CUN,2,12467,8361,CO,Bogota,4.70159,-74.1469,,
417,airport,airport,PTY,MPTO,Tocumen International Airport,PA-8,2,10006,135,PA,Panama City,9.0713596344,-79.3834991455,,
403,airport,airport,LIR,MRLB,Daniel Oduber Quiros International Airport,CR-G,1,9022,270,CR,Liberia,10.5932998657227,-85.5444030761719,,
420,airport,airport,SAL,MSLP,El Salvador International Airport,SV-PA,2,10500,101,SV,Santa Clara,13.440899848938,-89.0557022094727,,
312,airport,airport,HAV,MUHA,Jose Marti International Airport,CU-03,1,13123,210,CU,Havana,22.989200592041,-82.4091033935547,,
560,airport,airport,VRA,MUVR,Juan Gualberto Gomez International Airport,CU-04,1,11490,210,CU,Varadero,23.0344009399414,-81.435302734375,,
580,airport,airport,GCM,MWCR,Owen Roberts International Airport,KY-U-A,1,7021,8,KY,Georgetown,19.2928009033,-81.3576965332,,
208,airport,airport,NAS,MYNN,"Nassau, Lynden Pindling International Airport",BS-NP,2,11353,16,BS,Nassau,25.0389995575,-77.4662017822,,
372,airport,airport,BZE,MZBZ,Philip S. W. Goldson International Airport,BZ-BZ,1,7100,15,BZ,Belize City,17.5391006469727,-88.3081970214844,,
901,airport,airport,RAR,NCRG,Rarotonga International Airport,CK-U-A,1,7638,19,CK,Avarua,-21.2026996613,-159.805999756,,
638,airport,airport,PPT,NTAA,Tahiti Faa'a International Airport,PF-U-A,1,11360,5,PF,Papeete,-17.5536994934,-149.606994629,,
63,airport,airport,AKL,NZAA,Auckland International Airport,NZ-AUK,2,11926,23,NZ,Auckland,-37.0080986023,174.792007446,,
733,airport,airport,KLO,RPVK,Kalibo International Airport,PH-AKL,1,7175,14,PH,Kalibo,11.679400444,122.375999451,,
2445,airport,airport,MPH,RPVE,"Malay, Godofredo P. Ramos Airport",PH-AKL,1,3117,7,PH,Caticlan,11.9245004654,121.95400238,,
81,airport,airport,CHC,NZCH,Christchurch International Airport,NZ-CAN,3,10787,123,NZ,Christchurch,-43.4893989562988,172.531997680664,,
65,airport,airport,WLG,NZWN,Wellington International Airport,NZ-WGN,1,6352,41,NZ,Wellington,-41.3272018433,174.804992676,,
1729,airport,airport,LGG,EBLG,Liège Airport,BE-WLG,2,10784,659,BE,Liège,50.6374015808105,5.4432201385498,,
162,airport,airport,BAH,OBBI,Bahrain International Airport,BH-15,2,12979,6,BH,Manama,26.2707996368408,50.6335983276367,,
561,airport,airport,DMM,OEDF,King Fahd International Airport,SA-04,2,13124,72,SA,Ad Dammam,26.4712009429932,49.7979011535645,,
215,airport,airport,JED,OEJN,King Abdulaziz International Airport,SA-02,3,13123,48,SA,Jeddah,21.679599762,39.15650177,,
1168,airport,airport,MED,OEMA,Prince Mohammad Bin Abdulaziz Airport,SA-03,2,14222,2151,SA,Medina,24.5534000396729,39.7051010131836,,
249,airport,airport,RUH,OERK,"Riyadh, King Khaled International Airport",SA-01,2,13796,2049,SA,Riyadh,24.9575996398926,46.6987991333008,,
353,airport,airport,IKA,OIIE,Imam Khomeini International Airport,IR-07,2,13940,3305,IR,Tehran,35.4160995483398,51.1521987915039,,
2284,airport,airport,THR,OIII,Mehrabad International Airport,IR-07,3,13248,3962,IR,Tehran,35.6892013549805,51.3134002685547,,
1178,airport,airport,MHD,OIMM,Mashhad International Airport,IR-30,2,12877,3263,IR,Mashhad,36.2351989746094,59.640998840332,,
1181,airport,airport,SYZ,OISS,Shiraz Shahid Dastghaib International Airport,IR-14,2,14345,4920,IR,Shiraz,29.5391998291016,52.5898017883301,,
1182,airport,airport,TBZ,OITT,Tabriz International Airport,IR-01,2,11825,4459,IR,Tabriz,38.1338996887207,46.2350006103516,,
286,airport,airport,AMM,OJAI,Queen Alia International Airport,JO-AM,2,12008,2395,JO,Amman,31.7226009369,35.9931983948,,
154,airport,airport,KWI,OKBK,Kuwait International Airport,KW-FA,2,11483,206,KW,Kuwait,29.2266006469727,47.9688987731934,,
336,airport,airport,BEY,OLBA,Beirut Rafic Hariri International Airport,LB-JL,3,12467,87,LB,Beirut,33.8208999633789,35.4883995056152,,
164,airport,airport,AUH,OMAA,Abu Dhabi International Airport,AE-AZ,2,13452,88,AE,Abu Dhabi,24.4330005645752,54.6511001586914,,
58,airport,airport,DXB,OMDB,Dubai International Airport,AE-DU,2,13124,62,AE,Dubai,25.2527999878,55.3643989563,,
1205,airport,airport,DWC,OMDW,Al Maktoum International Airport,AE-DU,1,14764,114,AE,Jebel Ali,24.8966666667,55.1613888889,,
722,airport,airport,SHJ,OMSJ,Sharjah International Airport,AE-SH,1,13320,111,AE,Sharjah,25.3285999298096,55.5172004699707,,
216,airport,airport,MCT,OOMS,Muscat International Airport,OM-MA,2,11775,48,OM,Muscat,23.5932998657227,58.2844009399414,,
256,airport,airport,ISB,OPRN,"Islamabad, Benazir Bhutto International Airport",PK-IS,1,10785,1668,PK,Islamabad,33.61669921875,73.0991973876953,,
1189,airport,airport,SKT,OPST,Sialkot Airport,PK-PB,1,11811,837,PK,Sialkot,32.5355567932,74.3638916016,,
1190,airport,airport,BGW,ORBI,Baghdad International Airport,IQ-BG,2,13124,114,IQ,Baghdad,33.2625007629,44.2346000671,,
1191,airport,airport,BSR,ORMM,Basrah International Airport,IQ-BA,1,13124,11,IQ,Basrah,30.5491008758545,47.6621017456055,,
3274,airport,airport,DAM,OSDI,Damascus International Airport,SY-DI,2,11811,2020,SY,Damascus,33.4114990234375,36.5155982971191,,
106,airport,airport,DOH,OTHH,"Doha, Hamad International Airport",QA-DA,2,15912,13,QA,Doha,25.273056,51.608056,,
159,airport,airport,FAI,PAFA,Fairbanks International Airport,US-AK,4,11800,439,US,Fairbanks,64.81510162,-147.8560028,,
2,airport,airport,ANC,PANC,Anchorage Ted Stevens,US-AK,3,12400,151,US,Anchorage,61.1744003295898,-149.996002197266,,
1620,airport,airport,ATA,SPHZ,Comandante FAP German Arias Graziani Airport,PE-ANC,1,10007,9097,PE,Anta,-9.34743976593018,-77.5983963012695,,
199,airport,airport,GUM,PGUM,Antonio B. Won Pat International Airport,GU-U-A,2,10015,298,GU,Hagta,13.4834003448,144.796005249,,
2428,airport,airport,CGY,RPML,Cagayan De Oro Airport,PH-MSR,1,8050,601,PH,Cagayan De Oro City,8.41561985016,124.611000061,,
37,airport,airport,HNL,PHNL,Honolulu International Airport,US-HI,4,12312,13,US,Honolulu,21.3187007904053,-157.921997070312,,
2399,airport,airport,KNH,RCBS,Kinmen Airport,TW-X-KM,1,9865,93,TW,Shang-I,24.4279003143311,118.359001159668,,
457,airport,airport,KHH,RCKH,Kaohsiung International Airport,TW-KHH,1,10335,31,TW,Kaohsiung City,22.5771007537842,120.349998474121,,
205,airport,airport,TPE,RCTP,Taiwan Taoyuan International Airport,TW-TAO,2,12008,106,TW,Taipei,25.0776996612549,121.233001708984,,
745,airport,airport,TSA,RCSS,Taipei Songshan Airport,TW-TPE,1,8547,18,TW,Taipei City,25.0694007873535,121.552001953125,,
54,airport,airport,NRT,RJAA,Tokyo Narita,JP-12,2,13123,141,JP,Tokyo,35.7647018433,140.386001587,,
213,airport,airport,KIX,RJBB,"Osaka, Kansai International Airport",JP-27,2,13123,26,JP,Osaka,34.4272994995117,135.244003295898,,
214,airport,airport,CTS,RJCC,"Sapporo, New Chitose Airport",JP-01,2,9840,82,JP,Sapporo,42.7751998901367,141.692001342773,,
212,airport,airport,FUK,RJFF,Fukuoka Airport,JP-40,1,9186,32,JP,Fukuoka,33.5858993530273,130.45100402832,,
680,airport,airport,KOJ,RJFK,Kagoshima Airport,JP-46,1,9840,906,JP,Kagoshima,31.8034000396729,130.718994140625,,
458,airport,airport,NGO,RJGG,Chubu Centrair International Airport,JP-23,1,11483,15,JP,Tokoname,34.8583984375,136.804992675781,,
2409,airport,airport,FSZ,RJNS,Mt. Fuji Shizuoka Airport,JP-22,1,8202,433,JP,Makinohara / Shimada,34.7960434679,138.18775177,,
104,airport,airport,ITM,RJOO,Osaka International Airport,JP-27,2,9840,50,JP,Osaka,34.7854995727539,135.438003540039,,
105,airport,airport,HND,RJTT,Tokyo Haneda International Airport,JP-13,4,9840,35,JP,Tokyo,35.5522994995117,139.779998779297,,
1036,airport,airport,MWX,RKJB,Muan International Airport,KR-U-A,1,9186,51,KR,Gwangju,34.991406,126.382814,,
2413,airport,airport,KUV,RKJK,Kunsan Air Base,KR-45,1,9000,29,KR,Kunsan,35.9038009643555,126.615997314453,,
688,airport,airport,CJU,RKPC,Jeju International Airport,KR-49,2,9843,118,KR,Jeju City,33.5112991333008,126.49299621582,,
689,airport,airport,PUS,RKPK,Gimhae International Airport,KR-26,2,10499,6,KR,Busan,35.1795005798,128.93800354,,
122,airport,airport,ICN,RKSI,"Seoul, Incheon International Airport",KR-28,3,13000,23,KR,Seoul,37.4691009521484,126.450996398926,,
779,airport,airport,GMP,RKSS,Gimpo International Airport,KR-11,2,11811,58,KR,Seoul,37.5583000183,126.791000366,,
1037,airport,airport,CJJ,RKTU,Cheongju International Airport,KR-43,2,9000,191,KR,Cheongju,36.7165985107,127.499000549,,
690,airport,airport,OKA,ROAH,Naha Airport,JP-47,1,9840,12,JP,Naha,26.1958007812,127.646003723,,
706,airport,airport,CRK,RPLC,Clark International Airport,PH-PAM,2,10499,484,PH,Angeles City,15.1859998703,120.559997559,,
100,airport,airport,MNL,RPLL,"Manila, Ninoy Aquino International Airport",PH-U-A,2,12261,75,PH,Manila,14.508600235,121.019996643,,
728,airport,airport,DVO,RPMD,Francisco Bangoy International Airport,PH-DAV,1,9842,96,PH,Davao City,7.1255202293396,125.646003723145,,
701,airport,airport,CEB,RPVM,Mactan Cebu International Airport,PH-CEB,1,10827,31,PH,Lapu-Lapu City,10.3074998855591,123.978996276855,,
2453,airport,airport,GRV,URMG,Grozny North Airport,RU-CE,1,8202,544,RU,Grozny,43.3883018493652,45.698600769043,,
133,airport,airport,EZE,SAEZ,"Buenos Aires, Ministro Pistarini International Airport",AR-B,2,10187,67,AR,Buenos Aires,-34.8222,-58.5358,,
583,airport,airport,BEL,SBBE,Val de Cans/Júlio Cezar Ribeiro International Airport,BR-PA,2,9186,54,BR,Belém,-1.37925004959,-48.4762992859,,
2730,airport,airport,EGO,UUOB,Belgorod International Airport,RU-BEL,2,7930,735,RU,Belgorod,50.643798828125,36.5900993347168,,
584,airport,airport,BSB,SBBR,Presidente Juscelino Kubistschek International Airport,BR-DF,2,10827,3497,BR,Brasília,-15.8691673278809,-47.9208335876465,,
585,airport,airport,CNF,SBCF,Tancredo Neves International Airport,BR-MG,1,9843,2715,BR,Belo Horizonte,-19.6244430541992,-43.9719429016113,,
586,airport,airport,CWB,SBCT,Afonso Pena Airport,BR-PR,2,7267,2988,BR,Curitiba,-25.5284996033,-49.1758003235,,
587,airport,airport,MAO,SBEG,Eduardo Gomes International Airport,BR-AM,1,8858,264,BR,Manaus,-3.03860998153687,-60.0497016906738,,
1573,airport,airport,FLN,SBFL,Hercílio Luz International Airport,BR-SC,2,7546,16,BR,Florianópolis,-27.6702785491943,-48.5525016784668,,
131,airport,airport,GIG,SBGL,"Rio de Janeiro ,Galeao Antonio Carlos Jobim International Airport",BR-RJ,2,13123,28,BR,Rio de Janeiro,-22.8099994659,-43.2505569458,,
132,airport,airport,GRU,SBGR,"Sao Paulo, Guarulhos - Governador Andras Franco Montoro International Airport",BR-SP,1,12139,2459,BR,Sao Paulo,-23.4355564117432,-46.4730567932129,,
1592,airport,airport,NAT,SBSG,Governador Aluízio Alves International Airport,BR-RN,1,9843,272,BR,Natal,-5.768056,-35.376111,,
1594,airport,airport,CGH,SBSP,Congonhas Airport,BR-SP,2,6365,2631,BR,São Paulo,-23.6261100769043,-46.6563873291016,,
589,airport,airport,SSA,SBSV,Deputado Luiz Eduardo Magalhães International Airport,BR-BA,2,9859,64,BR,Salvador,-12.9086112976,-38.3224983215,,
135,airport,airport,SCL,SCEL,"Santiago, Comodoro Arturo Merino Benitez International Airport",CL-RM,2,12203,1555,CL,Santiago,-33.3930015563965,-70.7857971191406,,
2529,airport,airport,LTX,SELT,Cotopaxi International Airport,EC-X,1,12117,9205,EC,Latacunga,-0.906832993031,-78.6157989502,,
563,airport,airport,UIO,SEQM,Mariscal Sucre International Airport,EC-P,1,13445,9200,EC,Quito,-0.129166666667,-78.3575,,
360,airport,airport,BOG,SKBO,El Dorado International Airport,CO-CUN,2,12467,8361,CO,Bogota,4.70159,-74.1469,,
1220,airport,airport,VVI,SLVR,Viru Viru International Airport,BO-S,1,11483,1224,BO,Santa Cruz,-17.6448001861572,-63.1353988647461,,
134,airport,airport,LIM,SPIM,"Lima, Jorge Chavez International Airport",PE-LIM,1,11506,113,PE,Lima,-12.021900177,-77.1143035889,,
1633,airport,airport,CUZ,SPZO,Alejandro Velasco Astete International Airport,PE-CUS,1,11146,10860,PE,Cusco,-13.5356998444,-71.9387969971,,
130,airport,airport,MVD,SUMU,"Montevideo, Carrasco International /General C L Berisso Airport",UY-MO,3,10499,105,UY,Montevideo,-34.8384017944336,-56.0307998657227,,
596,airport,airport,BLA,SVBC,General Jose Antonio Anzoategui International Airport,VE-B,2,9840,26,VE,Barcelona,10.1070995330811,-64.6892013549805,,
297,airport,airport,CCS,SVMI,Simon Bolivar International Airport,VE-X,2,11483,235,VE,Caracas,10.6031169891,-66.9905853271,,
600,airport,airport,PTP,TFFR,Pointe-à-Pitre Le Raizet,GP-U-A,1,11499,36,GP,Pointe-à-Pitre Le Raizet,16.2653007507324,-61.5317993164062,,
40,airport,airport,SJU,TJSJ,"Puerto Rico, Luis Munoz International Airport",PR-U-A,2,10400,9,PR,San Juan,18.4393997192,-66.0018005371,,
521,airport,airport,NBE,DTNH,Enfidha - Hammamet International Airport,TN-51,1,10827,21,TN,Enfidha,36.075833,10.438611,,
293,airport,airport,SXM,TNCM,"Sint Martin, Princess Juliana International Airport",SX-U-A,2,7708,13,SX,Sint Martin,18.0410003662,-63.1088981628,,
335,airport,airport,ALA,UAAA,Almaty Airport,KZ-ALM,1,14427,2234,KZ,Almaty,43.3521003723145,77.0404968261719,,
320,airport,airport,TSE,UACC,Astana International Airport,KZ-AKM,1,11484,1165,KZ,Astana,51.0222015380859,71.4669036865234,,
1195,airport,airport,FRU,UCFM,Manas International Airport,KG-C,1,13792,2090,KG,Bishkek,43.0612983704,74.4776000977,,
2633,airport,airport,KGF,UAKK,Sary-Arka Airport,KZ-KAR,1,10831,1765,KZ,Karaganda,49.6707992553711,73.3343963623047,,
321,airport,airport,GYD,UBBB,Heydar Aliyev International Airport,AZ-BA,2,10499,10,AZ,Baku,40.4674987792969,50.0466995239258,,
860,airport,airport,EVN,UDYZ,Zvartnots International Airport,AM-ER,1,12629,2838,AM,Yerevan,40.1473007202,44.3959007263,,
566,airport,airport,TBS,UGTB,Tbilisi International Airport,GE-TB,2,9843,1624,GE,Tbilisi,41.6692008972,44.95470047,,
710,airport,airport,KHV,UHHH,Khabarovsk-Novy Airport,RU-KHA,2,13124,244,RU,Khabarovsk,48.5279998779297,135.188003540039,,
342,airport,airport,KBP,UKBB,Boryspil International Airport,UA-32,2,13123,427,UA,Kiev,50.3450012207031,30.8946990966797,,
2670,airport,airport,SIP,UKFF,Simferopol International Airport,UA-43,2,12142,639,UA,Simferopol,45.0522003173828,33.9751014709473,,
1196,airport,airport,HRK,UKHH,Kharkiv International Airport,UA-63,1,7285,508,UA,Kharkiv,49.9248008728027,36.2900009155273,,
1231,airport,airport,ODS,UKOO,Odessa International Airport,UA-51,3,9183,172,UA,Odessa,46.4267997741699,30.6765003204346,,
346,airport,airport,LED,ULLI,Pulkovo Airport,RU-SPE,2,12402,78,RU,St. Petersburg,59.8003005981445,30.2625007629395,,
522,airport,airport,MSQ,UMMS,Minsk International Airport,BY-MI,1,11946,670,BY,Minsk,53.8824996948242,28.0307006835938,,
1040,airport,airport,KJA,UNKL,Yemelyanovo Airport,RU-KYA,1,12150,942,RU,Krasnoyarsk,56.1729011535645,92.4933013916016,,
810,airport,airport,OVB,UNNT,Tolmachevo Airport,RU-NVS,2,11818,365,RU,Novosibirsk,55.0125999450684,82.6507034301758,,
1199,airport,airport,ROV,URRR,Rostov-na-Donu Airport,RU-ROS,3,8202,280,RU,Rostov-on-Don,47.2582015991,39.8180999756,,
2697,airport,airport,AER,URSS,Sochi International Airport,RU-KDA,2,9482,89,RU,Sochi,43.4499015808105,39.956600189209,,
861,airport,airport,SVX,USSS,Koltsovo Airport,RU-SVE,2,9925,764,RU,Yekaterinburg,56.7430992126465,60.8027000427246,,
317,airport,airport,ASB,UTAA,Ashgabat Airport,TM-A,3,12467,692,TM,Ashgabat,37.9868011474609,58.3610000610352,,
352,airport,airport,TAS,UTTT,Tashkent International Airport,UZ-TO,2,13123,1417,UZ,Tashkent,41.257900238,69.2811965942,,
992,airport,airport,HBA,YMHB,Hobart International Airport,AU-TAS,1,7385,13,AU,Hobart,-42.836101532,147.509994507,,
994,airport,airport,LST,YMLT,Launceston Airport,AU-TAS,3,6499,562,AU,Launceston,-41.54529953,147.214004517,,
1010,airport,airport,DPO,YDPO,Devonport Airport,AU-TAS,2,6030,33,AU,Devonport,-41.1697006226,146.429992676,,
1011,airport,airport,KNS,YKII,King Island Airport,AU-TAS,3,5198,132,AU,Currie,-39.877498626709,143.878005981445,,
1015,airport,airport,BWT,YWYY,Wynyard Airport,AU-TAS,2,5413,62,AU,Burnie,-40.9989013671875,145.731002807617,,
2914,airport,airport,FLS,YFLI,Flinders Island Airport,AU-TAS,2,5643,10,AU,Flinders Island,-40.0917015076,147.992996216,,
3264,airport,airport,ZIA,UUBW,Ramenskoye Airport,RU-MOS,1,15092,404,RU,Zhukovsky,55.5532989501953,38.1500015258789,,
102,airport,airport,DME,UUDD,"Moscow, Domodedovo International Airport",RU-MOS,3,12448,588,RU,Moscow,55.4087982177734,37.9062995910645,,
103,airport,airport,SVO,UUEE,"Moscow, Sheremetyevo International Airport",RU-MOS,2,12139,622,RU,Moscow,55.972599029541,37.4146003723145,,
318,airport,airport,VKO,UUWW,Vnukovo International Airport,RU-MOS,2,10039,685,RU,Moscow,55.5914993286,37.2615013123,,
2737,airport,airport,KZN,UWKD,Kazan International Airport,RU-TA,2,12218,411,RU,Kazan,55.606201171875,49.2787017822266,,
1395,airport,airport,UFA,UWUU,Ufa International Airport,RU-BA,5,12339,449,RU,Ufa,54.5574989318848,55.8744010925293,,
813,airport,airport,KUF,UWWW,Kurumoch International Airport,RU-SAM,2,9846,477,RU,Samara,53.5049018859863,50.1642990112305,,
69,airport,airport,BOM,VABB,"Mumbai, Chhatrapati Shivaji International Airport",IN-MM,2,11302,39,IN,Mumbai,19.0886993408,72.8678970337,,
1201,airport,airport,GOI,VOGO,Dabolim Airport,IN-GA,1,11253,187,IN,Vasco da Gama,15.3808002472,73.8313980103,,
201,airport,airport,CMB,VCBI,"Colombo, Bandaranaike International Airport",LK-1,1,10991,30,LK,Colombo,7.1807599067688,79.8841018676758,,
2749,airport,airport,HRI,VCRI,Mattala Rajapaksa International Airport,LK-3,1,11483,157,LK,Mattala,6.284467,81.124128,,
155,airport,airport,PNH,VDPP,Phnom Penh International Airport,KH-8,1,9843,40,KH,Phnom Penh,11.5466003417969,104.84400177002,,
709,airport,airport,REP,VDSR,Siem Reap International Airport,KH-17,1,8366,60,KH,Siem Reap,13.4106998444,103.81300354,,
120,airport,airport,CCU,VECC,"Kolkata, Netaji Subhash Chandra Bose International Airport",IN-WB,2,11900,16,IN,Kolkata,22.6546993255615,88.4467010498047,,
1998,airport,airport,SPP,FNME,Menongue Airport,AO-CCU,1,11483,4469,AO,Menongue,-14.657600402832,17.7198009490967,,
349,airport,airport,DAC,VGHS,Dhaka / Hazrat Shahjalal International Airport,BD-3,1,10500,30,BD,Dhaka,23.843347,90.397783,,
61,airport,airport,HKG,VHHH,Hong Kong - Chek Lap Kok International Airport,HK,2,12467,28,HK,Hong Kong,22.3089008331,113.915000916,,
1206,airport,airport,ATQ,VIAR,Sri Guru Ram Dass Jee International Airport,IN-PB,1,10791,756,IN,Amritsar,31.7096004486,74.7973022461,,
59,airport,airport,DEL,VIDP,Indira Gandhi International Airport,IN-DL,3,14534,777,IN,New Delhi,28.566499710083,77.1031036376953,,
703,airport,airport,MFM,VMMC,Macau International Airport,MO-U-A,1,10544,20,MO,Taipa,22.1495990753174,113.592002868652,,
207,airport,airport,KTM,VNKT,"Kathmandu, Tribhuvan International Airport",NP-BA,1,10007,4390,NP,Kathmandu,27.6965999603,85.3591003418,,
121,airport,airport,BLR,VOBL,Bengaluru International Airport,IN-KA,1,13123,3000,IN,Bengaluru,13.1978998184,77.7062988281,,
725,airport,airport,COK,VOCI,Cochin International Airport,IN-KL,1,11155,30,IN,Cochin,10.1520004272,76.4019012451,,
117,airport,airport,CCJ,VOCL,Calicut International Airport,IN-KL,1,9383,342,IN,Calicut,11.1367998123,75.9552993774,,
118,airport,airport,HYD,VOHS,"Hyderabad, Rajiv Gandhi International Airport",IN-AP,1,13976,2024,IN,Hyderabad,17.2313175201,78.4298553467,,
119,airport,airport,MAA,VOMM,Chennai International Airport,IN-TN,2,12001,52,IN,Chennai,12.9900054931641,80.1692962646484,,
727,airport,airport,TRV,VOTV,Trivandrum International Airport,IN-KL,1,11148,15,IN,Trivandrum,8.48211956024,76.9200973511,,
523,airport,airport,MLE,VRMM,Malé International Airport,MV-MLE,1,10499,6,MV,Malé,4.19183015823364,73.5290985107422,,
694,airport,airport,DMK,VTBD,Don Mueang International Airport,TH-10,2,12139,9,TH,Bangkok,13.9125995636,100.607002258,,
101,airport,airport,BKK,VTBS,Suvarnabhumi Bangkok International Airport,TH-10,2,13123,5,TH,Bangkok,13.6810998916626,100.747001647949,,
695,airport,airport,CNX,VTCC,Chiang Mai International Airport,TH-50,1,10171,1036,TH,Chiang Mai,18.7667999268,98.962600708,,
285,airport,airport,HKT,VTSP,Phuket International Airport,TH-83,1,9843,82,TH,Phuket,8.11320018768,98.3169021606,,
699,airport,airport,DAD,VVDN,Da Nang International Airport,VN-60,2,10000,33,VN,Da Nang,16.0438995361328,108.198997497559,,
456,airport,airport,HAN,VVNB,Noi Bai International Airport,VN-15,2,12466,39,VN,Hanoi,21.2212009429932,105.806999206543,,
165,airport,airport,SGN,VVTS,"Ho Chi Minh City, Tan Son Nhat International Airport",VN-23,2,12468,33,VN,Ho Chi Minh City,10.8187999725,106.652000427,,
2839,airport,airport,MDL,VYMD,Mandalay International Airport,MM-04,1,14003,300,MM,Mandalay,21.7021999359131,95.977897644043,,
693,airport,airport,RGN,VYYY,Yangon International Airport,MM-06,1,11200,109,MM,Yangon,16.9073009491,96.1332015991,,
738,airport,airport,UPG,WAAA,Hasanuddin International Airport,ID-SN,2,8202,47,ID,Ujung Pandang-Celebes Island,-5.06162977218628,119.554000854492,,
234,airport,airport,DPS,WADD,Bali - Ngurah Rai International Airport,ID-BA,2,9790,14,ID,Denpasar,-8.74816989898682,115.166999816895,,
2850,airport,airport,DJJ,WAJJ,Sentani Airport,ID-PA,1,7161,289,ID,Jayapura-Papua Island,-2.57695007324219,140.516006469727,,
730,airport,airport,SUB,WARR,Juanda International Airport,ID-JI,1,9843,9,ID,Surabaya,-7.37982988357544,112.787002563477,,
2868,airport,airport,SOQ,WASS,Sorong (Jefman) Airport,ID-IJ,1,5414,10,ID,Sorong-Papua Island,-0.926357984542847,131.121002197266,,
700,airport,airport,BWN,WBSB,Brunei International Airport,BN-BM,1,12000,73,BN,Bandar Seri Begawan,4.94420003890991,114.928001403809,,
235,airport,airport,CGK,WIII,Soekarno-Hatta International Airport,ID-BT,2,12008,34,ID,Jakarta,-6.1255698204,106.65599823,,
3260,airport,airport,KNO,WIMM,Medan/Kualanamu International Airport,ID-SU,1,9514,90,ID,Medan,3.642222,98.885278,,
71,airport,airport,KUL,WMKK,Kuala Lumpur International Airport,MY-14,3,13288,69,MY,Kuala Lumpur,2.74557995796204,101.709999084473,,
56,airport,airport,SIN,WSSS,"Singapore, Changi International Airport",SG,3,13123,22,SG,Singapore,1.3501900434494,103.994003295898,,
413,airport,airport,MZT,MMMZ,General Rafael Buelna International Airport,MX-SIN,1,8858,38,MX,Mazatlán,23.1613998413,-106.26599884,,
1534,airport,airport,CUL,MMCL,Bachigualato Federal International Airport,MX-SIN,1,7546,108,MX,Culiacán,24.7644996643,-107.474998474,,
1544,airport,airport,LMM,MMLM,Valle del Fuerte International Airport,MX-SIN,1,6562,16,MX,Los Mochis,25.6851997375,-109.081001282,,
66,airport,airport,BNE,YBBN,Brisbane International Airport,AU-QLD,2,11680,13,AU,Brisbane,-27.3841991424561,153.117004394531,,
57,airport,airport,MEL,YMML,Melbourne International Airport,AU-VIC,2,11998,434,AU,Melbourne,-37.6733016967773,144.843002319336,,
906,airport,airport,YNT,ZSYT,Yantai Laishan Airport,CN-37,1,8530,59,CN,Yantai,37.4016990661621,121.372001647949,,
231,airport,airport,ADL,YPAD,Adelaide International Airport,AU-SA,2,10171,20,AU,Adelaide,-34.9449996948242,138.531005859375,,
62,airport,airport,PER,YPPH,Perth International Airport,AU-WA,2,11299,67,AU,Perth,-31.940299987793,115.967002868652,,
1392,airport,airport,PEE,USPP,Bolshoye Savino Airport,RU-PER,1,10520,404,RU,Perm,57.9145011901855,56.0211982727051,,
82,airport,airport,CBR,YSCB,Canberra International Airport,AU-ACT,2,10771,1886,AU,Canberra,-35.3069000244141,149.195007324219,,
55,airport,airport,SYD,YSSY,Sydney Kingsford Smith,AU-NSW,3,12999,21,AU,Sydney,-33.9460983276367,151.177001953125,,
64,airport,airport,PEK,ZBAA,Beijing Capital International Airport,CN-11,3,12468,116,CN,Beijing,40.0801010131836,116.584999084473,,
3445,airport,airport,PKX,ZBAD,Beijing Daxing International Airport,CN-11,4,12467,98,CN,Beijing,39.509167,116.410556,,
1486,airport,airport,HET,ZBHH,Baita International Airport,CN-15,2,11811,3556,CN,Hohhot,40.851398468,111.823997498,,
1533,airport,airport,NAY,ZBNY,Beijing Nanyuan Airport,CN-11,1,9514,131,CN,Beijing,39.7827987670898,116.388000488281,,
1540,airport,airport,TPQ,MMEP,Amado Nervo National Airport,MX-NAY,1,7546,3020,MX,Tepic,21.4195003509521,-104.843002319336,,
668,airport,airport,TSN,ZBTJ,Tianjin Binhai International Airport,CN-12,1,10499,10,CN,Tianjin,39.1244010925,117.346000671,,
881,airport,airport,TYN,ZBYN,Taiyuan Wusu Airport,CN-14,1,10500,2575,CN,Taiyuan,37.746898651123,112.627998352051,,
81,airport,airport,CHC,NZCH,Christchurch International Airport,NZ-CAN,3,10787,123,NZ,Christchurch,-43.4893989562988,172.531997680664,,
250,airport,airport,CAN,ZGGG,Guangzhou Baiyun International Airport,CN-44,2,12467,50,CN,Guangzhou,23.3924007415771,113.299003601074,,
1461,airport,airport,TIU,NZTU,Timaru Airport,NZ-CAN,3,4200,89,NZ,Timaru,-44.3027992248535,171.225006103516,,
669,airport,airport,CSX,ZGHA,Changsha Huanghua International Airport,CN-43,1,8530,217,CN,Changsha,28.1891994476,113.220001221,,
1496,airport,airport,KWL,ZGKL,Guilin Liangjiang International Airport,CN-45,1,9186,570,CN,Guilin City,25.2180995941162,110.039001464844,,
679,airport,airport,NNG,ZGNN,Nanning Wuxu Airport,CN-45,1,8858,421,CN,Nanning,22.6082992553711,108.171997070312,,
665,airport,airport,SZX,ZGSZ,Shenzhen Bao'an International Airport,CN-44,1,11155,13,CN,Shenzhen,22.6392993927002,113.810997009277,,
905,airport,airport,CGO,ZHCC,Zhengzhou Xinzheng International Airport,CN-41,1,11155,495,CN,Zhengzhou,34.5196990967,113.841003418,,
671,airport,airport,WUH,ZHHH,Wuhan Tianhe International Airport,CN-42,1,11155,113,CN,Wuhan,30.7838001251221,114.208000183105,,
672,airport,airport,HAK,ZJHK,Haikou Meilan International Airport,CN-46,1,11811,75,CN,Haikou,19.9349002838135,110.458999633789,,
928,airport,airport,SYX,ZJSY,Sanya Phoenix International Airport,CN-46,1,11155,92,CN,Sanya,18.3029003143311,109.412002563477,,
903,airport,airport,XIY,ZLXY,Xi'an Xianyang International Airport,CN-61,1,9842,1572,CN,Xianyang,34.4471015930176,108.751998901367,,
702,airport,airport,ULN,ZMUB,Chinggis Khaan International Airport,MN-1,2,10170,4364,MN,Ulaanbaatar,47.8431015014648,106.766998291016,,
673,airport,airport,KMG,ZPPP,Kunming Wujiaba International Airport,CN-53,1,11155,6217,CN,Kunming,24.9923992156982,102.744003295898,,
567,airport,airport,XMN,ZSAM,Xiamen Gaoqi International Airport,CN-35,1,11155,59,CN,Xiamen,24.5440006256104,118.127998352051,,
674,airport,airport,FOC,ZSFZ,Fuzhou Changle International Airport,CN-35,1,11841,46,CN,Fuzhou,25.9351005554199,119.66300201416,,
568,airport,airport,HGH,ZSHC,Hangzhou Xiaoshan International Airport,CN-33,1,11811,23,CN,Hangzhou,30.2294998168945,120.43399810791,,
902,airport,airport,TNA,ZSJN,Yaoqiang Airport,CN-37,1,11814,76,CN,Jinan,36.8572006225586,117.216003417969,,
675,airport,airport,NGB,ZSNB,Ningbo Lishe International Airport,CN-33,1,10499,13,CN,Ningbo,29.8267002105713,121.46199798584,,
299,airport,airport,NKG,ZSNJ,Nanjing Lukou Airport,CN-32,1,11811,49,CN,Nanjing,31.742000579834,118.861999511719,,
67,airport,airport,PVG,ZSPD,Shanghai - Pudong International Airport,CN-31,2,13123,13,CN,Shanghai,31.1434001922607,121.805000305176,,
782,airport,airport,SHA,ZSSS,Shanghai Hongqiao International Airport,CN-31,1,11154,10,CN,Shanghai,31.1979007720947,121.335998535156,,
1524,airport,airport,WNZ,ZSWZ,Wenzhou Yongqiang Airport,CN-33,1,7874,10,CN,Wenzhou,27.9122009277344,120.851997375488,,
677,airport,airport,CKG,ZUCK,Chongqing Jiangbei International Airport,CN-50,1,10499,1365,CN,Chongqing,29.7192001342773,106.641998291016,,
678,airport,airport,KWE,ZUGY,Longdongbao Airport,CN-52,1,10500,3736,CN,Guiyang,26.5384998321533,106.801002502441,,
337,airport,airport,CTU,ZUUU,Chengdu Shuangliu International Airport,CN-51,1,11811,1625,CN,Chengdu,30.5785007476807,103.946998596191,,
2807,airport,airport,URC,ZWWW,Ürümqi Diwopu International Airport,CN-65,1,11811,2125,CN,Ürümqi,43.9071006774902,87.4741973876953,,
1044,airport,airport,HRB,ZYHB,Taiping Airport,CN-23,1,10500,457,CN,Harbin,45.6234016418457,126.25,,
713,airport,airport,DLC,ZYTL,Zhoushuizi Airport,CN-21,1,10827,107,CN,Dalian,38.9656982421875,121.539001464844,,
714,airport,airport,SHE,ZYTX,Taoxian Airport,CN-21,1,10499,198,CN,Shenyang,41.6398010253906,123.483001708984,,
